competition_date,competition_id,competition_name,home_team_id,away_team_id,home_team_name,away_team_name,ht_form_point,at_form_point,AVG_HST,AVG_AST,HTEloRatings,ATEloRatings,probability_percent_away_win,probability_percent_draw,probability_percent_home_win,prediction,predicted_decimal_odds_away_odds,predicted_decimal_odds_draw_odds,predicted_decimal_odds_home_odds,predicted_fractional_odds_away_odds,predicted_fractional_odds_draw_odds,predicted_fractional_odds_home_odds,predicted_american_odds_home_odds,predicted_american_odds_draw_odds,predicted_american_odds_away_odds,,,,,,,,,,,,,
14-04-2023,sr:competition:34,Ligue 1,sr:competitor:1681,sr:competitor:1649,Toulouse FC,Olympique Lyon,6,9,3.8,4,1561.351318,1690.954956,48.2,29.52,22.28,A,3.39,2.07,4.49,107/100,239/100,349/100,107,239,349,,,,,,,,,,,,,
15-04-2023,sr:competition:34,Ligue 1,sr:competitor:1658,sr:competitor:1682,Stade Rennes,Stade Reims,4,10,3.2,5.8,1704.460815,1669.621826,38.48,39.55,21.97,D,2.53,2.6,4.55,08-May,153/100,71/20,160,153,355,,,,,,,,,,,,,
15-04-2023,sr:competition:34,Ligue 1,sr:competitor:1644,sr:competitor:1648,Paris Saint-Germain,RC Lens,9,13,6,6,1838.959351,1730.09021,48.43,11.96,39.61,A,8.36,2.06,2.52,53/50,184/25,38/25,106,736,152,,,,,,,,,,,,,
16-04-2023,sr:competition:34,Ligue 1,sr:competitor:1643,sr:competitor:1642,Lille OSC,Montpellier HSC,8,10,5.8,6.6,1708.421265,1568.181641,15.38,7.82,76.8,H,12.79,6.5,1.3,11-Feb,1179/100,03-Oct,550,1179,-333,,,,,,,,,,,,,
16-04-2023,sr:competition:34,Ligue 1,sr:competitor:1646,sr:competitor:1647,AJ Auxerre,FC Nantes,8,3,2,3.8,1511.670166,1584.940674,45,24.82,30.18,A,4.03,2.22,3.31,61/50,303/100,231/100,122,303,231,,,,,,,,,,,,,
16-04-2023,sr:competition:34,Ligue 1,sr:competitor:1680,sr:competitor:1684,Clermont Foot 63,Angers SCO,9,4,5,3,1549.343384,1439.27417,6.29,34.64,59.07,H,2.89,15.9,1.69,149/10,189/100,69/100,1490,189,-145,,,,,,,,,,,,,
16-04-2023,sr:competition:34,Ligue 1,sr:competitor:1659,sr:competitor:1660,Strasbourg Alsace,AC Ajaccio,4,0,4.8,1.6,1579.239014,1432.053467,3.93,10.06,86.01,H,9.94,25.44,1.16,611/25,447/50,Apr-25,2444,894,-625,,,,,,,,,,,,,
16-04-2023,sr:competition:34,Ligue 1,sr:competitor:1715,sr:competitor:1661,Stade Brest 29,OGC Nice,8,4,3.4,4.2,1548.648315,1688.111206,55.38,27.06,17.56,A,3.7,1.81,5.69,81/100,27-Oct,469/100,-123,270,469,,,,,,,,,,,,,
16-04-2023,sr:competition:34,Ligue 1,sr:competitor:1653,sr:competitor:1656,AS Monaco,FC Lorient,8,6,5.6,3.4,1721.518555,1575.803101,14.28,12.8,72.92,H,7.82,7,1.37,6,341/50,37/100,600,682,-270,,,,,,,,,,,,,
16-04-2023,sr:competition:34,Ligue 1,sr:competitor:1641,sr:competitor:1652,Olympique Marseille,ESTAC Troyes,9,2,3.2,3.6,1744.824097,1472.993164,9.22,29.19,61.58,H,3.43,10.84,1.62,246/25,243/100,31/50,984,243,-161,,,,,,,,,,,,,
21-04-2023,sr:competition:34,Ligue 1,sr:competitor:1684,sr:competitor:1644,Angers SCO,Paris Saint-Germain,4,9,3.6,5.4,1434.862183,1852.94104,93.34,5.46,1.21,A,18.33,1.07,82.98,7/100,1733/100,4099/50,-1429,1733,8198,,,,,,,,,,,,,
22-04-2023,sr:competition:34,Ligue 1,sr:competitor:1646,sr:competitor:1643,AJ Auxerre,Lille OSC,10,10,3.2,5.8,1520.616455,1712.175781,70.99,19.23,9.78,A,5.2,1.41,10.23,41/100,21-May,923/100,-244,420,923,,,,,,,,,,,,,
22-04-2023,sr:competition:34,Ligue 1,sr:competitor:1648,sr:competitor:1653,RC Lens,AS Monaco,12,10,6.4,5.8,1727.811157,1726.615112,22.6,42.94,34.46,D,2.33,4.42,2.9,171/50,133/100,19-Oct,342,133,190,,,,,,,,,,,,,
23-04-2023,sr:competition:34,Ligue 1,sr:competitor:1682,sr:competitor:1659,Stade Reims,Strasbourg Alsace,7,7,5.6,5,1647.876099,1578.221924,16.55,23.03,60.41,H,4.34,6.04,1.66,126/25,167/50,33/50,504,334,-152,,,,,,,,,,,,,
23-04-2023,sr:competition:34,Ligue 1,sr:competitor:1660,sr:competitor:1715,AC Ajaccio,Stade Brest 29,0,8,1.8,3.8,1420.401489,1552.983154,76.45,15.38,8.18,A,6.5,1.31,12.23,31/100,11-Feb,1123/100,-323,550,1123,,,,,,,,,,,,,
23-04-2023,sr:competition:34,Ligue 1,sr:competitor:1656,sr:competitor:1681,FC Lorient,Toulouse FC,5,6,4,5,1564.370361,1558.846924,39.65,37.11,23.24,A,2.69,2.52,4.3,38/25,169/100,33/10,152,169,330,,,,,,,,,,,,,
23-04-2023,sr:competition:34,Ligue 1,sr:competitor:1647,sr:competitor:1652,FC Nantes,ESTAC Troyes,3,1,4.4,3.2,1569.659058,1463.938599,11.22,9,79.78,H,11.11,8.91,1.25,791/100,1011/100,01-Apr,791,1011,-400,,,,,,,,,,,,,
23-04-2023,sr:competition:34,Ligue 1,sr:competitor:1661,sr:competitor:1680,OGC Nice,Clermont Foot 63,3,9,4.8,5.4,1653.960449,1547.420166,38.94,15.56,45.49,H,6.43,2.57,2.2,157/100,543/100,06-May,157,543,120,,,,,,,,,,,,,
23-04-2023,sr:competition:34,Ligue 1,sr:competitor:1642,sr:competitor:1658,Montpellier HSC,Stade Rennes,7,7,5.4,4,1558.091675,1699.085571,52.45,18.24,29.31,A,5.48,1.91,3.41,91/100,112/25,241/100,-110,448,241,,,,,,,,,,,,,
23-04-2023,sr:competition:34,Ligue 1,sr:competitor:1649,sr:competitor:1641,Olympique Lyon,Olympique Marseille,11,9,3.6,4.4,1700.542236,1741.209351,24.69,31.65,43.66,H,3.16,4.05,2.29,61/20,54/25,129/100,305,216,129,,,,,,,,,,,,,
28-04-2023,sr:competition:34,Ligue 1,sr:competitor:1659,sr:competitor:1649,Strasbourg Alsace,Olympique Lyon,9,10,4.8,3,1593.897095,1692.377563,32.37,32.51,35.12,H,3.08,3.09,2.85,209/100,52/25,37/20,209,208,185,,,,,,,,,,,,,
29-04-2023,sr:competition:34,Ligue 1,sr:competitor:1643,sr:competitor:1660,Lille OSC,AC Ajaccio,10,1,5.4,2,1701.831421,1422.907471,1.13,4.76,94.11,H,21.01,88.33,1.06,8733/100,2001/100,Mar-50,8733,2001,-1667,,,,,,,,,,,,,
30-04-2023,sr:competition:34,Ligue 1,sr:competitor:1653,sr:competitor:1642,AS Monaco,Montpellier HSC,10,7,5.6,5,1708.553223,1568.582153,16.37,14.59,69.03,H,6.85,6.11,1.45,511/100,117/20,Sep-20,511,585,-222,,,,,,,,,,,,,
30-04-2023,sr:competition:34,Ligue 1,sr:competitor:1680,sr:competitor:1682,Clermont Foot 63,Stade Reims,12,4,4.8,5,1559.511475,1632.20105,30.2,44.68,25.12,D,2.24,3.31,3.98,231/100,31/25,149/50,231,124,298,,,,,,,,,,,,,
30-04-2023,sr:competition:34,Ligue 1,sr:competitor:1658,sr:competitor:1684,Stade Rennes,Angers SCO,6,4,4.4,4,1688.595093,1427.202637,24.95,12.22,62.83,H,8.18,4.01,1.59,301/100,359/50,59/100,301,718,-169,,,,,,,,,,,,,
30-04-2023,sr:competition:34,Ligue 1,sr:competitor:1652,sr:competitor:1661,ESTAC Troyes,OGC Nice,2,2,3.2,4.2,1467.990479,1641.869141,59.12,22.42,18.46,A,4.46,1.69,5.42,69/100,173/50,221/50,-145,346,442,,,,,,,,,,,,,
30-04-2023,sr:competition:34,Ligue 1,sr:competitor:1644,sr:competitor:1656,Paris Saint-Germain,FC Lorient,9,2,5.2,3.2,1847.931396,1555.193115,4.58,6.31,89.11,H,15.85,21.85,1.12,417/20,297/20,Mar-25,2085,1485,-833,,,,,,,,,,,,,
30-04-2023,sr:competition:34,Ligue 1,sr:competitor:1641,sr:competitor:1646,Olympique Marseille,AJ Auxerre,11,10,5.6,3.6,1749.374146,1518.293213,13.82,16.98,69.2,H,5.89,7.24,1.45,156/25,489/100,Sep-20,624,489,-222,,,,,,,,,,,,,
02-05-2023,sr:competition:34,Ligue 1,sr:competitor:1681,sr:competitor:1648,Toulouse FC,RC Lens,6,12,4.6,6.4,1568.024048,1733.206177,69.49,13.52,17,A,7.4,1.44,5.88,Nov-25,32/5,122/25,-227,640,488,,,,,,,,,,,,,
03-05-2023,sr:competition:34,Ligue 1,sr:competitor:1715,sr:competitor:1647,Stade Brest 29,FC Nantes,9,3,4,5.8,1550.477295,1565.607178,26.17,25.89,47.94,H,3.86,3.82,2.09,141/50,143/50,109/100,282,286,109,,,,,,,,,,,,,
06-05-2023,sr:competition:34,Ligue 1,sr:competitor:1661,sr:competitor:1658,OGC Nice,Stade Rennes,4,6,6.6,4.6,1646.664185,1691.517822,20.04,22.7,57.26,H,4.4,4.99,1.75,399/100,17-May,03-Apr,399,340,-133,,,,,,,,,,,,,
06-05-2023,sr:competition:34,Ligue 1,sr:competitor:1682,sr:competitor:1643,Stade Reims,Lille OSC,4,10,4.6,5.2,1623.134521,1705.194092,42.83,21.2,35.97,A,4.72,2.33,2.78,133/100,93/25,89/50,133,372,178,,,,,,,,,,,,,
06-05-2023,sr:competition:34,Ligue 1,sr:competitor:1648,sr:competitor:1641,RC Lens,Olympique Marseille,12,11,5.6,5.6,1737.976929,1751.798462,26.52,41.5,31.98,D,2.41,3.77,3.13,277/100,141/100,213/100,277,141,213,,,,,,,,,,,,,
07-05-2023,sr:competition:34,Ligue 1,sr:competitor:1684,sr:competitor:1653,Angers SCO,AS Monaco,4,7,4,5.6,1424.279907,1683.593872,86.63,8.96,4.41,A,11.17,1.15,22.67,Mar-20,1017/100,2167/100,-667,1017,2167,,,,,,,,,,,,,
07-05-2023,sr:competition:34,Ligue 1,sr:competitor:1660,sr:competitor:1681,AC Ajaccio,Toulouse FC,1,6,1.6,4.6,1419.5448,1563.25354,78.97,13.64,7.39,A,7.33,1.27,13.52,27/100,633/100,313/25,-370,633,1252,,,,,,,,,,,,,
07-05-2023,sr:competition:34,Ligue 1,sr:competitor:1646,sr:competitor:1680,AJ Auxerre,Clermont Foot 63,10,15,4.4,4,1515.868896,1568.577881,45.24,12.25,42.51,A,8.16,2.21,2.35,121/100,179/25,27/20,121,716,135,,,,,,,,,,,,,
07-05-2023,sr:competition:34,Ligue 1,sr:competitor:1656,sr:competitor:1715,FC Lorient,Stade Brest 29,4,11,3.6,4.4,1576.933472,1561.01123,31.39,32.47,36.14,H,3.08,3.19,2.77,219/100,52/25,177/100,219,208,177,,,,,,,,,,,,,
07-05-2023,sr:competition:34,Ligue 1,sr:competitor:1647,sr:competitor:1659,FC Nantes,Strasbourg Alsace,2,6,6.2,4.6,1555.073242,1587.423584,28.05,33.02,38.93,H,3.03,3.57,2.57,257/100,203/100,157/100,257,203,157,,,,,,,,,,,,,
07-05-2023,sr:competition:34,Ligue 1,sr:competitor:1649,sr:competitor:1642,Olympique Lyon,Montpellier HSC,12,7,3,5.4,1698.851074,1593.541504,12.62,33.97,53.41,H,2.94,7.92,1.87,173/25,97/50,87/100,692,194,-115,,,,,,,,,,,,,
07-05-2023,sr:competition:34,Ligue 1,sr:competitor:1652,sr:competitor:1644,ESTAC Troyes,Paris Saint-Germain,1,9,3.4,4.8,1463.195435,1826.19104,77.25,21.15,1.59,A,4.73,1.29,62.76,29/100,373/100,1544/25,-345,373,6176,,,,,,,,,,,,,
12-05-2023,sr:competition:34,Ligue 1,sr:competitor:1648,sr:competitor:1682,RC Lens,Stade Reims,12,4,5.6,3.8,1745.370728,1632.516724,41.21,20.94,37.85,A,4.78,2.43,2.64,143/100,189/50,41/25,143,378,164,,,,,,,,,,,,,
13-05-2023,sr:competition:34,Ligue 1,sr:competitor:1659,sr:competitor:1661,Strasbourg Alsace,OGC Nice,9,6,4,6.8,1599.227783,1655.023926,61.14,27.9,10.96,A,3.58,1.64,9.12,16/25,129/50,203/25,-156,258,812,,,,,,,,,,,,,
13-05-2023,sr:competition:34,Ligue 1,sr:competitor:1644,sr:competitor:1660,Paris Saint-Germain,AC Ajaccio,12,2,6,1.6,1828.673096,1422.417847,0.36,2.45,97.2,H,40.86,281.12,1.03,7003/25,1993/50,3/100,28012,3986,-3333,,,,,,,,,,,,,
14-05-2023,sr:competition:34,Ligue 1,sr:competitor:1680,sr:competitor:1649,Clermont Foot 63,Olympique Lyon,13,12,3.4,4,1568.239746,1703.24707,67.71,18.05,14.23,A,5.54,1.48,7.03,Dec-25,227/50,603/100,-208,454,603,,,,,,,,,,,,,
14-05-2023,sr:competition:34,Ligue 1,sr:competitor:1642,sr:competitor:1656,Montpellier HSC,FC Lorient,6,7,6,3.6,1589.101563,1583.5271,14.89,45.83,39.28,D,2.18,6.72,2.55,143/25,59/50,31/20,572,118,155,,,,,,,,,,,,,
14-05-2023,sr:competition:34,Ligue 1,sr:competitor:1715,sr:competitor:1646,Stade Brest 29,AJ Auxerre,8,8,3.4,4.4,1554.4104,1516.2052,26.26,35.97,37.77,H,2.78,3.81,2.65,281/100,89/50,33/20,281,178,165,,,,,,,,,,,,,
14-05-2023,sr:competition:34,Ligue 1,sr:competitor:1658,sr:competitor:1652,Stade Rennes,ESTAC Troyes,6,1,4.4,3.4,1683.156738,1460.713379,20.35,12.29,67.36,H,8.14,4.91,1.48,391/100,357/50,Dec-25,391,714,-208,,,,,,,,,,,,,
14-05-2023,sr:competition:34,Ligue 1,sr:competitor:1681,sr:competitor:1647,Toulouse FC,FC Nantes,7,2,5,6,1560.381348,1543.275269,17.39,11.07,71.54,H,9.04,5.75,1.4,19-Apr,201/25,02-May,475,804,-250,,,,,,,,,,,,,
14-05-2023,sr:competition:34,Ligue 1,sr:competitor:1653,sr:competitor:1643,AS Monaco,Lille OSC,7,7,5.2,4.2,1686.720581,1695.813232,22.6,26.06,51.33,H,3.84,4.42,1.95,171/50,71/25,19/20,342,284,-105,,,,,,,,,,,,,
14-05-2023,sr:competition:34,Ligue 1,sr:competitor:1641,sr:competitor:1684,Olympique Marseille,Angers SCO,10,3,5.6,3.8,1744.404419,1421.199463,4.24,5.65,90.11,H,17.71,23.56,1.11,564/25,1671/100,11/100,2256,1671,-909,,,,,,,,,,,,,
19-05-2023,sr:competition:34,Ligue 1,sr:competitor:1649,sr:competitor:1653,Olympique Lyon,AS Monaco,9,7,4.2,3.8,1692.838989,1685.69751,31.22,35.19,33.59,D,2.84,3.2,2.98,11-May,46/25,99/50,220,184,198,,,,,,,,,,,,,
20-05-2023,sr:competition:34,Ligue 1,sr:competitor:1647,sr:competitor:1642,FC Nantes,Montpellier HSC,2,7,5.8,4.8,1545.037354,1587.663452,31.89,35.89,32.22,D,2.79,3.14,3.1,107/50,179/100,21-Oct,214,179,210,,,,,,,,,,,,,
20-05-2023,sr:competition:34,Ligue 1,sr:competitor:1643,sr:competitor:1641,Lille OSC,Olympique Marseille,8,12,4,6.8,1696.836182,1746.41272,47.45,41.83,10.71,A,2.39,2.11,9.33,111/100,139/100,833/100,111,139,833,,,,,,,,,,,,,
21-05-2023,sr:competition:34,Ligue 1,sr:competitor:1660,sr:competitor:1658,AC Ajaccio,Stade Rennes,2,9,1.4,5.4,1420.383667,1688.036865,88.86,7.56,3.58,A,13.23,1.13,27.93,13/100,1223/100,2693/100,-769,1223,2693,,,,,,,,,,,,,
21-05-2023,sr:competition:34,Ligue 1,sr:competitor:1661,sr:competitor:1681,OGC Nice,Toulouse FC,6,5,6,4.2,1643.003174,1558.619019,22.08,25.29,52.62,H,3.95,4.53,1.9,353/100,59/20,09-Oct,353,295,-111,,,,,,,,,,,,,
21-05-2023,sr:competition:34,Ligue 1,sr:competitor:1715,sr:competitor:1680,Stade Brest 29,Clermont Foot 63,10,13,4.2,3.8,1560.376953,1578.648071,22.51,38.25,39.25,H,2.61,4.44,2.55,86/25,161/100,31/20,344,161,155,,,,,,,,,,,,,
21-05-2023,sr:competition:34,Ligue 1,sr:competitor:1682,sr:competitor:1684,Stade Reims,Angers SCO,3,0,2.4,3.2,1628.080444,1419.190796,4.46,12.06,83.47,H,8.29,22.41,1.2,2141/100,729/100,01-May,2141,729,-500,,,,,,,,,,,,,
21-05-2023,sr:competition:34,Ligue 1,sr:competitor:1652,sr:competitor:1659,ESTAC Troyes,Strasbourg Alsace,1,12,2.8,4,1455.833374,1611.248413,69.32,22.92,7.76,A,4.36,1.44,12.89,Nov-25,84/25,1189/100,-227,336,1189,,,,,,,,,,,,,
21-05-2023,sr:competition:34,Ligue 1,sr:competitor:1656,sr:competitor:1648,FC Lorient,RC Lens,7,12,3,4.6,1584.965576,1749.806885,65.49,26.28,8.23,A,3.81,1.53,12.15,53/100,281/100,223/20,-189,281,1115,,,,,,,,,,,,,
21-05-2023,sr:competition:34,Ligue 1,sr:competitor:1646,sr:competitor:1644,AJ Auxerre,Paris Saint-Germain,5,12,4,6.8,1510.238403,1830.706787,94.42,4.02,1.56,A,24.87,1.06,63.95,Mar-50,2387/100,1259/20,-1667,2387,6295,,,,,,,,,,,,,
15-04-2023,sr:competition:17,Premier League,sr:competitor:40,sr:competitor:39,Aston Villa,Newcastle United,13,15,4.6,4.8,1799.512695,1871.874512,43.88,32.1,24.02,A,3.12,2.28,4.16,32/25,53/25,79/25,128,212,316,,,,,,,,,,,,,
15-04-2023,sr:competition:17,Premier League,sr:competitor:38,sr:competitor:30,Chelsea FC,Brighton & Hove Albion,5,8,4.4,6.6,1846.563232,1835.872314,36.5,25.69,37.82,H,3.89,2.74,2.64,87/50,289/100,41/25,174,289,164,,,,,,,,,,,,,
15-04-2023,sr:competition:17,Premier League,sr:competitor:48,sr:competitor:43,Everton FC,Fulham FC,6,1,3.8,2.8,1694.970825,1722.582764,27.77,34.76,37.47,H,2.88,3.6,2.67,13-May,47/25,167/100,260,188,167,,,,,,,,,,,,,
15-04-2023,sr:competition:17,Premier League,sr:competitor:45,sr:competitor:7,Southampton FC,Crystal Palace,2,6,3.2,5,1657.546753,1739.438232,43.56,23.01,33.43,A,4.35,2.3,2.99,13-Oct,67/20,199/100,130,335,199,,,,,,,,,,,,,
15-04-2023,sr:competition:17,Premier League,sr:competitor:33,sr:competitor:60,Tottenham Hotspur,AFC Bournemouth,8,9,4.4,3.4,1848.280518,1656.900146,18.76,26.55,54.7,H,3.77,5.33,1.83,433/100,277/100,83/100,433,277,-120,,,,,,,,,,,,,
15-04-2023,sr:competition:17,Premier League,sr:competitor:3,sr:competitor:50,Wolverhampton Wanderers,Brentford FC,7,5,4.8,2.4,1710.23291,1792.455322,30.2,27.57,42.22,H,3.63,3.31,2.37,231/100,263/100,137/100,231,263,137,,,,,,,,,,,,,
15-04-2023,sr:competition:17,Premier League,sr:competitor:17,sr:competitor:31,Manchester City,Leicester City,15,1,5.6,3.4,2051.762451,1736.191162,2.73,4.05,93.22,H,24.66,36.68,1.07,892/25,1183/50,7/100,3568,2366,-1429,,,,,,,,,,,,,
16-04-2023,sr:competition:17,Premier League,sr:competitor:37,sr:competitor:42,West Ham United,Arsenal FC,7,13,2.8,6.2,1754.555664,1957.525635,64.92,30.85,4.23,A,3.24,1.54,23.62,27/50,56/25,1131/50,-185,224,2262,,,,,,,,,,,,,
16-04-2023,sr:competition:17,Premier League,sr:competitor:14,sr:competitor:35,Nottingham Forest,Manchester United,1,7,3.4,5.4,1638.597656,1882.113647,70.88,12.14,16.98,A,8.24,1.41,5.89,41/100,181/25,489/100,-244,724,489,,,,,,,,,,,,,
17-04-2023,sr:competition:17,Premier League,sr:competitor:34,sr:competitor:44,Leeds United,Liverpool FC,7,5,5.4,4.8,1698.082153,1928.522583,65.12,16.72,18.16,A,5.98,1.54,5.51,27/50,249/50,451/100,-185,498,451,,,,,,,,,,,,,
21-04-2023,sr:competition:17,Premier League,sr:competitor:42,sr:competitor:45,Arsenal FC,Southampton FC,11,1,5.4,3,1953.362061,1645.430908,12.18,27.76,60.06,H,3.6,8.21,1.67,721/100,13-May,67/100,721,260,-149,,,,,,,,,,,,,
22-04-2023,sr:competition:17,Premier League,sr:competitor:43,sr:competitor:34,Fulham FC,Leeds United,3,7,3.2,5.4,1726.358765,1698.082153,43.19,25.53,31.28,A,3.92,2.32,3.2,33/25,73/25,11-May,132,292,220,,,,,,,,,,,,,
22-04-2023,sr:competition:17,Premier League,sr:competitor:50,sr:competitor:40,Brentford FC,Aston Villa,2,15,2.4,5,1773.150513,1819.656616,46.06,27.54,26.4,A,3.63,2.17,3.79,117/100,263/100,279/100,117,263,279,,,,,,,,,,,,,
22-04-2023,sr:competition:17,Premier League,sr:competitor:7,sr:competitor:48,Crystal Palace,Everton FC,9,5,5.6,4.4,1766.703857,1678.419067,13.59,26.62,59.79,H,3.76,7.36,1.67,159/25,69/25,67/100,636,276,-149,,,,,,,,,,,,,
22-04-2023,sr:competition:17,Premier League,sr:competitor:31,sr:competitor:3,Leicester City,Wolverhampton Wanderers,1,7,2.8,5.2,1723.330811,1732.958618,40.19,19.46,40.35,H,5.14,2.49,2.48,149/100,207/50,37/25,149,414,148,,,,,,,,,,,,,
22-04-2023,sr:competition:17,Premier League,sr:competitor:44,sr:competitor:14,Liverpool FC,Nottingham Forest,5,1,4.8,3,1928.522461,1633.486816,22.03,38.72,39.25,H,2.58,4.54,2.55,177/50,79/50,31/20,354,158,155,,,,,,,,,,,,,
22-04-2023,sr:competition:17,Premier League,sr:competitor:35,sr:competitor:38,Manchester United,Chelsea FC,10,2,6,3.6,1887.224487,1820.56189,20.91,28.72,50.37,H,3.48,4.78,1.99,189/50,62/25,99/100,378,248,-101,,,,,,,,,,,,,
23-04-2023,sr:competition:17,Premier League,sr:competitor:60,sr:competitor:37,AFC Bournemouth,West Ham United,9,8,4,3.2,1674.964966,1759.928711,33.57,26.75,39.68,H,3.74,2.98,2.52,99/50,137/50,38/25,198,274,152,,,,,,,,,,,,,
23-04-2023,sr:competition:17,Premier League,sr:competitor:39,sr:competitor:33,Newcastle United,Tottenham Hotspur,12,8,4,4.8,1857.315796,1834.483887,39.19,27.03,33.78,A,3.7,2.55,2.96,31/20,27-Oct,49/25,155,270,196,,,,,,,,,,,,,
23-04-2023,sr:competition:17,Premier League,sr:competitor:30,sr:competitor:17,Brighton & Hove Albion,Manchester City,10,15,8,5.4,1832.275635,2060.745117,25.43,22.21,52.36,H,4.5,3.93,1.91,293/100,07-Feb,91/100,293,350,-110,,,,,,,,,,,,,
25-04-2023,sr:competition:17,Premier League,sr:competitor:3,sr:competitor:7,Wolverhampton Wanderers,Crystal Palace,7,9,5.2,5.6,1726.153076,1759.899536,25.74,30.73,43.53,H,3.25,3.88,2.3,72/25,09-Apr,13-Oct,288,225,130,,,,,,,,,,,,,
25-04-2023,sr:competition:17,Premier League,sr:competitor:40,sr:competitor:43,Aston Villa,Fulham FC,15,3,5,3.2,1812.850952,1719.544067,21.05,20.38,58.57,H,4.91,4.75,1.71,15-Apr,391/100,71/100,375,391,-141,,,,,,,,,,,,,
25-04-2023,sr:competition:17,Premier League,sr:competitor:34,sr:competitor:31,Leeds United,Leicester City,6,1,5.4,2.8,1682.987427,1716.525146,17.69,32.71,49.6,H,3.06,5.65,2.02,93/20,103/50,51/50,465,206,102,,,,,,,,,,,,,
26-04-2023,sr:competition:17,Premier League,sr:competitor:14,sr:competitor:30,Nottingham Forest,Brighton & Hove Albion,1,10,3.4,8,1625.085327,1832.275635,71.83,21.41,6.76,A,4.67,1.39,14.79,39/100,367/100,1379/100,-256,367,1379,,,,,,,,,,,,,
26-04-2023,sr:competition:17,Premier League,sr:competitor:37,sr:competitor:44,West Ham United,Liverpool FC,10,8,3.8,4.4,1774.064819,1931.599854,67.63,15.74,16.63,A,6.36,1.48,6.01,Dec-25,134/25,501/100,-208,536,501,,,,,,,,,,,,,
26-04-2023,sr:competition:17,Premier League,sr:competitor:38,sr:competitor:50,Chelsea FC,Brentford FC,2,2,3.6,3.2,1807.366455,1766.355957,26.12,22.11,51.77,H,4.52,3.83,1.93,283/100,88/25,93/100,283,352,-108,,,,,,,,,,,,,
26-04-2023,sr:competition:17,Premier League,sr:competitor:17,sr:competitor:42,Manchester City,Arsenal FC,15,9,5.4,5.2,2060.745117,1938.854858,21.93,12.49,65.58,H,8,4.56,1.52,89/25,7,13/25,356,700,-192,,,,,,,,,,,,,
27-04-2023,sr:competition:17,Premier League,sr:competitor:48,sr:competitor:39,Everton FC,Newcastle United,3,12,4.2,4.8,1675.308838,1871.32959,44.11,31.61,24.28,A,3.16,2.27,4.12,127/100,54/25,78/25,127,216,312,,,,,,,,,,,,,
27-04-2023,sr:competition:17,Premier League,sr:competitor:45,sr:competitor:60,Southampton FC,AFC Bournemouth,2,9,3.8,5,1646.325562,1660.828857,29.67,29.98,40.35,H,3.34,3.37,2.48,237/100,117/50,37/25,237,234,148,,,,,,,,,,,,,
27-04-2023,sr:competition:17,Premier League,sr:competitor:33,sr:competitor:35,Tottenham Hotspur,Manchester United,5,10,4,6,1820.470215,1854.124878,36.91,26.36,36.73,A,3.79,2.71,2.72,171/100,279/100,43/25,171,279,172,,,,,,,,,,,,,
29-04-2023,sr:competition:17,Premier League,sr:competitor:7,sr:competitor:37,Crystal Palace,West Ham United,10,7,5.6,3.8,1744.765503,1768.848877,22.81,32.67,44.52,H,3.06,4.38,2.25,169/50,103/50,05-Apr,338,206,125,,,,,,,,,,,,,
29-04-2023,sr:competition:17,Premier League,sr:competitor:50,sr:competitor:14,Brentford FC,Nottingham Forest,4,3,2.6,2.6,1781.036133,1642.380981,29.87,34.47,35.66,H,2.9,3.35,2.8,47/20,19-Oct,09-May,235,190,180,,,,,,,,,,,,,
29-04-2023,sr:competition:17,Premier League,sr:competitor:30,sr:competitor:3,Brighton & Hove Albion,Wolverhampton Wanderers,7,10,7.8,4,1814.97998,1730.455322,14.67,26.47,58.86,H,3.78,6.82,1.7,291/50,139/50,07-Oct,582,278,-143,,,,,,,,,,,,,
29-04-2023,sr:competition:17,Premier League,sr:competitor:42,sr:competitor:38,Arsenal FC,Chelsea FC,6,1,4.8,3.2,1932.023193,1792.686157,39.62,36.26,24.12,A,2.76,2.52,4.15,38/25,44/25,63/20,152,176,315,,,,,,,,,,,,,
30-04-2023,sr:competition:17,Premier League,sr:competitor:60,sr:competitor:34,AFC Bournemouth,Leeds United,9,4,4.8,4.8,1669.811646,1677.227539,30.62,26.43,42.95,H,3.78,3.27,2.33,227/100,139/50,133/100,227,278,133,,,,,,,,,,,,,
30-04-2023,sr:competition:17,Premier League,sr:competitor:43,sr:competitor:17,Fulham FC,Manchester City,6,15,3.4,6.8,1720.540894,2067.576904,83.49,11.47,5.04,A,8.72,1.2,19.85,01-May,193/25,377/20,-500,772,1885,,,,,,,,,,,,,
30-04-2023,sr:competition:17,Premier League,sr:competitor:35,sr:competitor:40,Manchester United,Aston Villa,10,13,7,4,1854.515259,1817.630371,20.16,32.58,47.27,H,3.07,4.96,2.12,99/25,207/100,28/25,396,207,112,,,,,,,,,,,,,
30-04-2023,sr:competition:17,Premier League,sr:competitor:39,sr:competitor:45,Newcastle United,Southampton FC,12,1,5.6,2.8,1879.101685,1637.344238,10.29,19.74,69.97,H,5.07,9.72,1.43,218/25,407/100,43/100,872,407,-233,,,,,,,,,,,,,
30-04-2023,sr:competition:17,Premier League,sr:competitor:44,sr:competitor:33,Liverpool FC,Tottenham Hotspur,11,5,5,4.8,1936.814331,1820.079834,37.69,30.19,32.13,A,3.31,2.65,3.11,33/20,231/100,211/100,165,231,211,,,,,,,,,,,,,
01-05-2023,sr:competition:17,Premier League,sr:competitor:31,sr:competitor:48,Leicester City,Everton FC,4,2,4.4,4.8,1723.643311,1667.536621,23.73,26.51,49.76,H,3.77,4.21,2.01,321/100,277/100,101/100,321,277,101,,,,,,,,,,,,,
02-05-2023,sr:competition:17,Premier League,sr:competitor:42,sr:competitor:38,Arsenal FC,Chelsea FC,6,1,3.8,3.2,1932.023193,1792.686157,48.34,29.2,22.47,A,3.42,2.07,4.45,107/100,121/50,69/20,107,242,345,,,,,,,,,,,,,
03-05-2023,sr:competition:17,Premier League,sr:competitor:44,sr:competitor:43,Liverpool FC,Fulham FC,13,6,5.2,3.2,1940.838257,1718.563354,22.16,17.35,60.49,H,5.76,4.51,1.65,351/100,119/25,13/20,351,476,-154,,,,,,,,,,,,,
03-05-2023,sr:competition:17,Premier League,sr:competitor:17,sr:competitor:37,Manchester City,West Ham United,15,7,7.8,3.4,2069.554443,1761.320557,1.71,1.76,96.53,H,56.95,58.34,1.04,2867/50,1119/20,Jan-25,5734,5595,-2500,,,,,,,,,,,,,
04-05-2023,sr:competition:17,Premier League,sr:competitor:30,sr:competitor:35,Brighton & Hove Albion,Manchester United,9,13,6.2,8,1827.246704,1860.406616,34.35,39,26.65,D,2.56,2.91,3.75,191/100,39/25,11-Apr,191,156,275,,,,,,,,,,,,,
06-05-2023,sr:competition:17,Premier League,sr:competitor:60,sr:competitor:38,AFC Bournemouth,Chelsea FC,12,1,5.6,2.4,1681.848511,1787.407837,27.48,29.03,43.49,H,3.45,3.64,2.3,66/25,49/20,13-Oct,264,245,130,,,,,,,,,,,,,
06-05-2023,sr:competition:17,Premier League,sr:competitor:30,sr:competitor:48,Brighton & Hove Albion,Everton FC,9,2,6.2,5,1827.246704,1670.439941,11.27,16.98,71.75,H,5.89,8.87,1.39,787/100,489/100,39/100,787,489,-256,,,,,,,,,,,,,
06-05-2023,sr:competition:17,Premier League,sr:competitor:17,sr:competitor:34,Manchester City,Leeds United,15,1,7.8,4.4,2072.109375,1665.190552,1.79,0.89,97.32,H,112.18,55.95,1.03,1099/20,5559/50,3/100,5495,11118,-3333,,,,,,,,,,,,,
06-05-2023,sr:competition:17,Premier League,sr:competitor:33,sr:competitor:7,Tottenham Hotspur,Crystal Palace,4,10,5.4,4.8,1816.055664,1752.293701,17.35,29.49,53.16,H,3.39,5.76,1.88,119/25,239/100,22/25,476,239,-114,,,,,,,,,,,,,
06-05-2023,sr:competition:17,Premier League,sr:competitor:3,sr:competitor:40,Wolverhampton Wanderers,Aston Villa,9,10,4,3.6,1718.188599,1811.738892,49.33,27.08,23.59,A,3.69,2.03,4.24,103/100,269/100,81/25,103,269,324,,,,,,,,,,,,,
06-05-2023,sr:competition:17,Premier League,sr:competitor:44,sr:competitor:50,Liverpool FC,Brentford FC,15,7,4.6,3.8,1943.223877,1784.843872,46.67,13.26,40.07,A,7.54,2.14,2.5,57/50,327/50,03-Feb,114,654,150,,,,,,,,,,,,,
07-05-2023,sr:competition:17,Premier League,sr:competitor:39,sr:competitor:42,Newcastle United,Arsenal FC,12,6,4.8,5.8,1882.241577,1937.30127,62.31,21.24,16.45,A,4.71,1.6,6.08,03-May,371/100,127/25,-167,371,508,,,,,,,,,,,,,
07-05-2023,sr:competition:17,Premier League,sr:competitor:37,sr:competitor:35,West Ham United,Manchester United,4,13,4.4,8,1758.765625,1860.406616,35.89,51.52,12.59,D,1.94,2.79,7.94,179/100,47/50,347/50,179,-106,694,,,,,,,,,,,,,
08-05-2023,sr:competition:17,Premier League,sr:competitor:43,sr:competitor:31,Fulham FC,Leicester City,6,5,3.2,4.4,1716.177246,1720.73999,36.17,27.72,36.11,A,3.61,2.76,2.77,44/25,261/100,177/100,176,261,177,,,,,,,,,,,,,
08-05-2023,sr:competition:17,Premier League,sr:competitor:30,sr:competitor:48,Brighton & Hove Albion,Everton FC,9,2,6.2,5,1834.817505,1670.439819,10.39,17.15,72.46,H,5.83,9.63,1.38,863/100,483/100,19/50,863,483,-263,,,,,,,,,,,,,
08-05-2023,sr:competition:17,Premier League,sr:competitor:14,sr:competitor:45,Nottingham Forest,Southampton FC,3,1,2.8,3,1638.573364,1634.202148,27.96,30.73,41.31,H,3.25,3.58,2.42,129/50,09-Apr,71/50,258,225,142,,,,,,,,,,,,,
13-05-2023,sr:competition:17,Premier League,sr:competitor:34,sr:competitor:39,Leeds United,Newcastle United,1,9,3.4,4.2,1664.53833,1871.189331,59.51,18.08,22.41,A,5.53,1.68,4.46,17/25,453/100,173/50,-147,453,346,,,,,,,,,,,,,
13-05-2023,sr:competition:17,Premier League,sr:competitor:40,sr:competitor:33,Aston Villa,Tottenham Hotspur,7,4,3.6,5.2,1802.556885,1821.393311,41.31,27.11,31.58,A,3.69,2.42,3.17,71/50,269/100,217/100,142,269,217,,,,,,,,,,,,,
13-05-2023,sr:competition:17,Premier League,sr:competitor:38,sr:competitor:14,Chelsea FC,Nottingham Forest,3,6,3.2,3.6,1797.031616,1645.356567,23.46,21.82,54.71,H,4.58,4.26,1.83,163/50,179/50,83/100,326,358,-120,,,,,,,,,,,,,
13-05-2023,sr:competition:17,Premier League,sr:competitor:7,sr:competitor:60,Crystal Palace,AFC Bournemouth,7,9,3.6,4.8,1747.202271,1672.473999,30.8,22.73,46.46,H,4.4,3.25,2.15,09-Apr,17-May,23/20,225,340,115,,,,,,,,,,,,,
13-05-2023,sr:competition:17,Premier League,sr:competitor:31,sr:competitor:44,Leicester City,Liverpool FC,5,15,5.2,4,1711.328979,1946.643311,61.27,20.04,18.69,A,4.99,1.63,5.35,63/100,399/100,87/20,-159,399,435,,,,,,,,,,,,,
13-05-2023,sr:competition:17,Premier League,sr:competitor:35,sr:competitor:3,Manchester United,Wolverhampton Wanderers,7,9,6.6,3.4,1843.812622,1727.616577,11.84,22.91,65.25,H,4.36,8.45,1.53,149/20,84/25,53/100,745,336,-189,,,,,,,,,,,,,
13-05-2023,sr:competition:17,Premier League,sr:competitor:45,sr:competitor:43,Southampton FC,Fulham FC,1,6,3.4,3.2,1627.6698,1725.839111,45.76,21.34,32.89,A,4.68,2.19,3.04,119/100,92/25,51/25,119,368,204,,,,,,,,,,,,,
14-05-2023,sr:competition:17,Premier League,sr:competitor:50,sr:competitor:37,Brentford FC,West Ham United,7,6,3.8,4.2,1781.675415,1768.052734,33.52,24.93,41.55,H,4.01,2.98,2.41,99/50,301/100,141/100,198,301,141,,,,,,,,,,,,,
14-05-2023,sr:competition:17,Premier League,sr:competitor:48,sr:competitor:17,Everton FC,Manchester City,5,15,4.8,7.4,1697.109985,2073.42627,77.13,12.18,10.68,A,8.21,1.3,9.36,03-Oct,721/100,209/25,-333,721,836,,,,,,,,,,,,,
14-05-2023,sr:competition:17,Premier League,sr:competitor:42,sr:competitor:30,Arsenal FC,Brighton & Hove Albion,8,9,6,6.6,1948.599854,1808.398438,28.55,19.36,52.09,H,5.16,3.5,1.92,05-Feb,104/25,23/25,250,416,-109,,,,,,,,,,,,,
15-05-2023,sr:competition:17,Premier League,sr:competitor:31,sr:competitor:44,Leicester City,Liverpool FC,5,15,5.2,3.2,1712.013306,1947.327515,60.35,20.32,19.34,A,4.92,1.66,5.17,33/50,98/25,417/100,-152,392,417,,,,,,,,,,,,,
18-05-2023,sr:competition:17,Premier League,sr:competitor:39,sr:competitor:30,Newcastle United,Brighton & Hove Albion,10,9,4.8,5.6,1867.593994,1831.005615,35.52,28.18,36.3,H,3.55,2.82,2.76,91/50,51/20,44/25,182,255,176,,,,,,,,,,,,,
20-05-2023,sr:competition:17,Premier League,sr:competitor:33,sr:competitor:50,Tottenham Hotspur,Brentford FC,4,10,4,4.6,1814.869995,1791.499634,32.6,24.73,42.67,H,4.04,3.07,2.34,207/100,76/25,67/50,207,304,134,,,,,,,,,,,,,
20-05-2023,sr:competition:17,Premier League,sr:competitor:60,sr:competitor:35,AFC Bournemouth,Manchester United,6,7,4.2,6.4,1665.872681,1850.458374,61.77,21.68,16.55,A,4.61,1.62,6.04,31/50,361/100,126/25,-161,361,504,,,,,,,,,,,,,
20-05-2023,sr:competition:17,Premier League,sr:competitor:43,sr:competitor:7,Fulham FC,Crystal Palace,6,7,2.6,3.8,1735.939209,1755.171875,41.44,34.54,24.01,A,2.9,2.41,4.16,141/100,19-Oct,79/25,141,190,316,,,,,,,,,,,,,
20-05-2023,sr:competition:17,Premier League,sr:competitor:44,sr:competitor:40,Liverpool FC,Aston Villa,15,7,4,3.2,1953.520752,1810.449097,49.6,9.66,40.73,A,10.35,2.02,2.46,51/50,187/20,73/50,102,935,146,,,,,,,,,,,,,
20-05-2023,sr:competition:17,Premier League,sr:competitor:39,sr:competitor:31,Newcastle United,Leicester City,10,5,6.4,5,1877.749023,1705.820068,14.19,29.73,56.08,H,3.36,7.05,1.78,121/20,59/25,39/50,605,236,-128,,,,,,,,,,,,,
20-05-2023,sr:competition:17,Premier League,sr:competitor:3,sr:competitor:48,Wolverhampton Wanderers,Everton FC,6,5,2,5,1722.339722,1694.789551,45.57,29.91,24.52,A,3.34,2.19,4.08,119/100,117/50,77/25,119,234,308,,,,,,,,,,,,,
20-05-2023,sr:competition:17,Premier League,sr:competitor:14,sr:competitor:42,Nottingham Forest,Arsenal FC,7,7,3.6,5.4,1651.223267,1927.336548,74.58,14.57,10.85,A,6.86,1.34,9.22,17/50,293/50,411/50,-294,586,822,,,,,,,,,,,,,
21-05-2023,sr:competition:17,Premier League,sr:competitor:37,sr:competitor:34,West Ham United,Leeds United,3,2,3.2,3.2,1761.831055,1669.50293,32.23,19.53,48.24,H,5.12,3.1,2.07,21-Oct,103/25,107/100,210,412,107,,,,,,,,,,,,,
21-05-2023,sr:competition:17,Premier League,sr:competitor:30,sr:competitor:45,Brighton & Hove Albion,Southampton FC,9,1,5.2,3.4,1820.875244,1618.938599,14.17,18.12,67.71,H,5.52,7.06,1.48,303/50,113/25,Dec-25,606,452,-208,,,,,,,,,,,,,
21-05-2023,sr:competition:17,Premier League,sr:competitor:17,sr:competitor:38,Manchester City,Chelsea FC,15,4,7.4,4.2,2077.115723,1792.533569,5.56,2.69,91.75,H,37.2,17.98,1.09,849/50,181/5,9/100,1698,3620,-1111,,,,,,,,,,,,,
22-05-2023,sr:competition:17,Premier League,sr:competitor:39,sr:competitor:31,Newcastle United,Leicester City,10,5,6.4,5,1877.749023,1705.820068,14.19,29.73,56.08,H,3.36,7.05,1.78,121/20,59/25,39/50,605,236,-128,,,,,,,,,,,,,
24-05-2023,sr:competition:17,Premier League,sr:competitor:30,sr:competitor:17,Brighton & Hove Albion,Manchester City,9,15,5.6,5.8,1829.305786,2091.929932,50.45,16.99,32.56,A,5.89,1.98,3.07,49/50,489/100,207/100,-102,489,207,,,,,,,,,,,,,
25-05-2023,sr:competition:17,Premier League,sr:competitor:35,sr:competitor:38,Manchester United,Chelsea FC,9,4,5.6,5,1859.799438,1795.49292,31.57,30.06,38.37,H,3.33,3.17,2.61,217/100,233/100,161/100,217,233,161,,,,,,,,,,,,,
14-04-2023,sr:competition:35,Bundesliga,sr:competitor:2530,sr:competitor:2528,Schalke 04,Hertha BSC,5,2,4,2.8,1576.009766,1591.098145,13.3,26.68,60.02,H,3.75,7.52,1.67,163/25,11-Apr,67/100,652,275,-149,,,,,,,,,,,,,
15-04-2023,sr:competition:35,Bundesliga,sr:competitor:2672,sr:competitor:2569,Bayern Munich,TSG Hoffenheim,12,9,7.4,4,1983.296631,1620.398804,4.38,10.16,85.46,H,9.84,22.84,1.17,546/25,221/25,17/100,2184,884,-588,,,,,,,,,,,,,
15-04-2023,sr:competition:35,Bundesliga,sr:competitor:36360,sr:competitor:2600,RB Leipzig,FC Augsburg,6,5,5,3.8,1797.266846,1612.80481,34.43,10.42,55.15,H,9.6,2.9,1.81,19-Oct,43/5,81/100,190,860,-123,,,,,,,,,,,,,
15-04-2023,sr:competition:35,Bundesliga,sr:competitor:2671,sr:competitor:2556,1. FC Cologne,FSV Mainz,5,9,4.8,5.8,1633.283325,1724.05957,37.79,27.46,34.75,A,3.64,2.65,2.88,33/20,66/25,47/25,165,264,188,,,,,,,,,,,,,
15-04-2023,sr:competition:35,Bundesliga,sr:competitor:2677,sr:competitor:2673,VfB Stuttgart,Borussia Dortmund,4,10,4.6,5.6,1595.518677,1825.277466,49.71,21.17,29.12,A,4.72,2.01,3.43,101/100,93/25,243/100,101,372,243,,,,,,,,,,,,,
15-04-2023,sr:competition:35,Bundesliga,sr:competitor:2674,sr:competitor:2527,Eintracht Frankfurt,Borussia Monchengladbach,3,6,3.6,3.8,1741.381958,1680.440918,25.41,36.57,38.02,H,2.73,3.93,2.63,293/100,173/100,163/100,293,173,163,,,,,,,,,,,,,
16-04-2023,sr:competition:35,Bundesliga,sr:competitor:2534,sr:competitor:2538,Werder Bremen,SC Freiburg,2,6,5.2,4,1613.032471,1729.812256,40.75,27.87,31.37,A,3.59,2.45,3.19,29/20,259/100,219/100,145,259,219,,,,,,,,,,,,,
16-04-2023,sr:competition:35,Bundesliga,sr:competitor:2547,sr:competitor:2542,Union Berlin,VfL Bochum,8,7,2.8,3,1748.741333,1591.328003,20.65,49.85,29.5,D,2.01,4.84,3.39,96/25,101/100,239/100,384,101,239,,,,,,,,,,,,,
16-04-2023,sr:competition:35,Bundesliga,sr:competitor:2524,sr:competitor:2681,VfL Wolfsburg,Bayer Leverkusen,6,15,4.4,7.8,1715.16333,1774.769531,52.57,33.06,14.37,A,3.02,1.9,6.96,09-Oct,101/50,149/25,-111,202,596,,,,,,,,,,,,,
21-04-2023,sr:competition:35,Bundesliga,sr:competitor:2600,sr:competitor:2677,FC Augsburg,VfB Stuttgart,2,5,3.4,5.2,1593.523315,1605.829346,27.47,40.78,31.75,D,2.45,3.64,3.15,66/25,29/20,43/20,264,145,215,,,,,,,,,,,,,
22-04-2023,sr:competition:35,Bundesliga,sr:competitor:2556,sr:competitor:2672,FSV Mainz,Bayern Munich,7,10,4.8,7.8,1715.251343,1965.932617,62.01,28.7,9.29,A,3.48,1.61,10.76,61/100,62/25,244/25,-164,248,976,,,,,,,,,,,,,
22-04-2023,sr:competition:35,Bundesliga,sr:competitor:2569,sr:competitor:2671,TSG Hoffenheim,1. FC Cologne,10,5,3.4,4.8,1632.2771,1642.705078,41.99,27,31,A,3.7,2.38,3.23,69/50,27-Oct,223/100,138,270,223,,,,,,,,,,,,,
22-04-2023,sr:competition:35,Bundesliga,sr:competitor:2542,sr:competitor:2524,VfL Bochum,VfL Wolfsburg,8,6,3.2,3.8,1596.942871,1715.05957,31.64,22.31,46.04,H,4.48,3.16,2.17,54/25,87/25,117/100,216,348,117,,,,,,,,,,,,,
22-04-2023,sr:competition:35,Bundesliga,sr:competitor:2528,sr:competitor:2534,Hertha BSC,Werder Bremen,2,2,3.2,4.6,1570.841675,1606.467041,39.37,38.58,22.05,A,2.59,2.54,4.54,77/50,159/100,177/50,154,159,354,,,,,,,,,,,,,
22-04-2023,sr:competition:35,Bundesliga,sr:competitor:2673,sr:competitor:2674,Borussia Dortmund,Eintracht Frankfurt,8,3,6.4,4.4,1821.880249,1726.81311,21.62,25.6,52.78,H,3.91,4.63,1.89,363/100,291/100,89/100,363,291,-112,,,,,,,,,,,,,
23-04-2023,sr:competition:35,Bundesliga,sr:competitor:2538,sr:competitor:2530,SC Freiburg,Schalke 04,8,5,4.2,4.2,1739.942383,1580.222656,11.44,26.41,62.14,H,3.79,8.74,1.61,387/50,279/100,61/100,774,279,-164,,,,,,,,,,,,,
23-04-2023,sr:competition:35,Bundesliga,sr:competitor:2681,sr:competitor:36360,Bayer Leverkusen,RB Leipzig,13,9,7.2,5.2,1791.753906,1803.939453,25.44,15.92,58.64,H,6.28,3.93,1.71,293/100,132/25,71/100,293,528,-141,,,,,,,,,,,,,
23-04-2023,sr:competition:35,Bundesliga,sr:competitor:2527,sr:competitor:2547,Borussia Monchengladbach,Union Berlin,6,8,3.6,3,1693.769043,1746.690063,25.8,40.59,33.61,D,2.46,3.88,2.97,72/25,73/50,197/100,288,146,197,,,,,,,,,,,,,
28-04-2023,sr:competition:35,Bundesliga,sr:competitor:2542,sr:competitor:2673,VfL Bochum,Borussia Dortmund,5,10,3.4,6,1587.39624,1833.58728,75.39,9.61,15,A,10.4,1.33,6.67,33/100,47/5,567/100,-303,940,567,,,,,,,,,,,,,
29-04-2023,sr:competition:35,Bundesliga,sr:competitor:36360,sr:competitor:2569,RB Leipzig,TSG Hoffenheim,6,10,4.4,4,1794.634521,1622.74353,52.52,15.02,32.47,A,6.66,1.9,3.08,09-Oct,283/50,52/25,-111,566,208,,,,,,,,,,,,,
29-04-2023,sr:competition:35,Bundesliga,sr:competitor:2547,sr:competitor:2681,Union Berlin,Bayer Leverkusen,10,13,2.8,7.2,1755.061401,1801.058838,77.81,9.5,12.69,A,10.53,1.29,7.88,29/100,953/100,172/25,-345,953,688,,,,,,,,,,,,,
29-04-2023,sr:competition:35,Bundesliga,sr:competitor:2671,sr:competitor:2538,1. FC Cologne,SC Freiburg,8,8,4.6,6.2,1659.365845,1746.141968,45.29,11.85,42.87,A,8.44,2.21,2.33,121/100,186/25,133/100,121,744,133,,,,,,,,,,,,,
29-04-2023,sr:competition:35,Bundesliga,sr:competitor:2674,sr:competitor:2600,Eintracht Frankfurt,FC Augsburg,2,3,4.6,2.4,1722.233276,1595.647705,13.05,27.93,59.03,H,3.58,7.67,1.69,667/100,129/50,69/100,667,258,-145,,,,,,,,,,,,,
29-04-2023,sr:competition:35,Bundesliga,sr:competitor:2677,sr:competitor:2527,VfB Stuttgart,Borussia Monchengladbach,5,6,4.8,4.2,1610.832275,1685.397705,35.1,28.88,36.02,H,3.46,2.85,2.78,37/20,123/50,89/50,185,246,178,,,,,,,,,,,,,
29-04-2023,sr:competition:35,Bundesliga,sr:competitor:2530,sr:competitor:2534,Schalke 04,Werder Bremen,4,5,4,4.4,1574.023071,1622.378052,32.35,32.06,35.6,H,3.12,3.09,2.81,209/100,53/25,181/100,209,212,181,,,,,,,,,,,,,
30-04-2023,sr:competition:35,Bundesliga,sr:competitor:2672,sr:competitor:2528,Bayern Munich,Hertha BSC,7,1,6.4,3.6,1949.326904,1562.056763,10.05,6.96,82.99,H,14.37,9.95,1.2,179/20,1337/100,01-May,895,1337,-500,,,,,,,,,,,,,
30-04-2023,sr:competition:35,Bundesliga,sr:competitor:2524,sr:competitor:2556,VfL Wolfsburg,FSV Mainz,8,9,4,4.8,1731.733765,1736.626221,37.77,16.52,45.72,H,6.05,2.65,2.19,33/20,101/20,119/100,165,505,119,,,,,,,,,,,,,
05-05-2023,sr:competition:35,Bundesliga,sr:competitor:2681,sr:competitor:2671,Bayer Leverkusen,1. FC Cologne,11,8,6.2,4.6,1801.572266,1651.921265,11.3,8.7,80,H,11.5,8.85,1.25,157/20,21-Feb,01-Apr,785,1050,-400,,,,,,,,,,,,,
05-05-2023,sr:competition:35,Bundesliga,sr:competitor:2556,sr:competitor:2530,FSV Mainz,Schalke 04,8,6,4,5,1725.494629,1581.516479,21.01,37.23,41.76,H,2.69,4.76,2.39,94/25,169/100,139/100,376,169,139,,,,,,,,,,,,,
06-05-2023,sr:competition:35,Bundesliga,sr:competitor:2538,sr:competitor:36360,SC Freiburg,RB Leipzig,10,9,6.6,3.6,1753.58667,1797.441528,38.15,22.85,39,H,4.38,2.62,2.56,81/50,169/50,39/25,162,338,156,,,,,,,,,,,,,
06-05-2023,sr:competition:35,Bundesliga,sr:competitor:2569,sr:competitor:2674,TSG Hoffenheim,Eintracht Frankfurt,7,3,2.8,3.8,1619.936279,1717.242065,43.16,39.39,17.46,A,2.54,2.32,5.73,33/25,77/50,473/100,132,154,473,,,,,,,,,,,,,
06-05-2023,sr:competition:35,Bundesliga,sr:competitor:2527,sr:competitor:2542,Borussia Monchengladbach,VfL Bochum,5,3,3.6,3.8,1677.157104,1592.214111,22.39,36.2,41.41,H,2.76,4.47,2.41,347/100,44/25,141/100,347,176,141,,,,,,,,,,,,,
06-05-2023,sr:competition:35,Bundesliga,sr:competitor:2600,sr:competitor:2547,FC Augsburg,Union Berlin,3,8,2.2,2.4,1600.638794,1754.547974,28.96,30.39,40.65,H,3.29,3.45,2.46,49/20,229/100,73/50,245,229,146,,,,,,,,,,,,,
06-05-2023,sr:competition:35,Bundesliga,sr:competitor:2528,sr:competitor:2677,Hertha BSC,VfB Stuttgart,1,8,2.8,5.6,1560.89502,1619.072876,31.45,18.26,50.29,H,5.48,3.18,1.99,109/50,112/25,99/100,218,448,-101,,,,,,,,,,,,,
06-05-2023,sr:competition:35,Bundesliga,sr:competitor:2534,sr:competitor:2672,Werder Bremen,Bayern Munich,4,10,4,6.8,1614.884644,1950.488525,92.69,4.35,2.96,A,23,1.08,33.78,Feb-25,22,1639/50,-1250,2200,3278,,,,,,,,,,,,,
07-05-2023,sr:competition:35,Bundesliga,sr:competitor:2673,sr:competitor:2524,Borussia Dortmund,VfL Wolfsburg,8,8,5.6,4.2,1828.769409,1742.865234,22.75,19.8,57.45,H,5.05,4.4,1.74,17-May,81/20,37/50,340,405,-135,,,,,,,,,,,,,
12-05-2023,sr:competition:35,Bundesliga,sr:competitor:2671,sr:competitor:2528,1. FC Cologne,Hertha BSC,10,3,4.6,2.8,1665.041626,1568.821289,13.76,7.71,78.53,H,12.97,7.27,1.27,627/100,1197/100,27/100,627,1197,-370,,,,,,,,,,,,,
13-05-2023,sr:competition:35,Bundesliga,sr:competitor:2672,sr:competitor:2530,Bayern Munich,Schalke 04,10,9,6.2,6.8,1952.799805,1594.566895,12.4,10.3,77.3,H,9.71,8.07,1.29,707/100,871/100,29/100,707,871,-345,,,,,,,,,,,,,
13-05-2023,sr:competition:35,Bundesliga,sr:competitor:2547,sr:competitor:2538,Union Berlin,SC Freiburg,5,9,2.6,5.4,1744.060913,1745.002197,59.45,15.03,25.51,A,6.65,1.68,3.92,17/25,113/20,73/25,-147,565,292,,,,,,,,,,,,,
13-05-2023,sr:competition:35,Bundesliga,sr:competitor:2674,sr:competitor:2556,Eintracht Frankfurt,FSV Mainz,2,5,3.4,3.4,1704.739746,1712.436646,36.01,22.98,41.01,H,4.35,2.78,2.44,89/50,67/20,36/25,178,335,144,,,,,,,,,,,,,
13-05-2023,sr:competition:35,Bundesliga,sr:competitor:2524,sr:competitor:2569,VfL Wolfsburg,TSG Hoffenheim,7,7,3.8,2.8,1732.60144,1632.438477,12.72,37.65,49.62,H,2.66,7.86,2.02,343/50,83/50,51/50,686,166,102,,,,,,,,,,,,,
13-05-2023,sr:competition:35,Bundesliga,sr:competitor:2542,sr:competitor:2600,VfL Bochum,FC Augsburg,2,5,4,2.4,1586.115723,1611.125977,11.21,44.01,44.77,H,2.27,8.92,2.23,198/25,127/100,123/100,792,127,123,,,,,,,,,,,,,
13-05-2023,sr:competition:35,Bundesliga,sr:competitor:2673,sr:competitor:2527,Borussia Dortmund,Borussia Monchengladbach,11,7,7.2,5,1839.036133,1683.255493,15.5,12.81,71.69,H,7.81,6.45,1.39,109/20,681/100,39/100,545,681,-256,,,,,,,,,,,,,
14-05-2023,sr:competition:35,Bundesliga,sr:competitor:2677,sr:competitor:2681,VfB Stuttgart,Bayer Leverkusen,8,8,5.6,4.8,1611.146606,1788.452026,30.4,42.49,27.12,D,2.35,3.29,3.69,229/100,27/20,269/100,229,135,269,,,,,,,,,,,,,
14-05-2023,sr:competition:35,Bundesliga,sr:competitor:36360,sr:competitor:2534,RB Leipzig,Werder Bremen,12,4,4.4,3.6,1806.026245,1612.578003,13.7,29.81,56.49,H,3.35,7.3,1.77,63/10,47/20,77/100,630,235,-130,,,,,,,,,,,,,
19-05-2023,sr:competition:35,Bundesliga,sr:competitor:2538,sr:competitor:2524,SC Freiburg,VfL Wolfsburg,9,10,5.8,4,1734.585815,1735.324219,20.92,26.97,52.11,H,3.71,4.78,1.92,189/50,271/100,23/25,378,271,-109,,,,,,,,,,,,,
20-05-2023,sr:competition:35,Bundesliga,sr:competitor:2569,sr:competitor:2547,TSG Hoffenheim,Union Berlin,4,8,2.4,3,1627.211182,1751.974365,22.39,50.42,27.18,D,1.98,4.47,3.68,347/100,49/50,67/25,347,-102,268,,,,,,,,,,,,,
20-05-2023,sr:competition:35,Bundesliga,sr:competitor:2528,sr:competitor:2542,Hertha BSC,VfL Bochum,3,5,3.2,4.4,1560.470581,1591.788086,16.14,34.94,48.92,H,2.86,6.19,2.04,519/100,93/50,26/25,519,186,104,,,,,,,,,,,,,
20-05-2023,sr:competition:35,Bundesliga,sr:competitor:2530,sr:competitor:2674,Schalke 04,Eintracht Frankfurt,9,5,6.2,4.2,1590.926147,1714.696289,26.29,24.2,49.51,H,4.13,3.8,2.02,14-May,313/100,51/50,280,313,102,,,,,,,,,,,,,
20-05-2023,sr:competition:35,Bundesliga,sr:competitor:2534,sr:competitor:2671,Werder Bremen,1. FC Cologne,3,10,3,6.4,1608.854736,1670.885742,73.87,10.98,15.15,A,9.11,1.35,6.6,Jul-20,811/100,28-May,-286,811,560,,,,,,,,,,,,,
20-05-2023,sr:competition:35,Bundesliga,sr:competitor:2672,sr:competitor:36360,Bayern Munich,RB Leipzig,10,12,6.8,4.6,1953.934448,1807.242676,43.33,6.28,50.39,H,15.92,2.31,1.98,131/100,373/25,49/50,131,1492,-102,,,,,,,,,,,,,
21-05-2023,sr:competition:35,Bundesliga,sr:competitor:2556,sr:competitor:2677,FSV Mainz,VfB Stuttgart,4,6,2.4,4.2,1699.974121,1612.817749,30.15,22.69,47.17,H,4.41,3.32,2.12,58/25,341/100,28/25,232,341,112,,,,,,,,,,,,,
21-05-2023,sr:competition:35,Bundesliga,sr:competitor:2600,sr:competitor:2673,FC Augsburg,Borussia Dortmund,5,11,2.4,8.4,1602.94751,1842.88208,84.94,5.76,9.3,A,17.37,1.18,10.75,Sep-50,1637/100,39/4,-556,1637,975,,,,,,,,,,,,,
21-05-2023,sr:competition:35,Bundesliga,sr:competitor:2681,sr:competitor:2527,Bayer Leverkusen,Borussia Monchengladbach,6,4,3.6,5.4,1780.453979,1676.903809,48.62,23.32,28.06,A,4.29,2.06,3.56,53/50,329/100,64/25,106,329,256,,,,,,,,,,,,,
15-04-2023,sr:competition:8,LaLiga,sr:competitor:2819,sr:competitor:2831,Villarreal CF,Real Valladolid,13,5,5.6,3.4,1740.477173,1594.505859,6.41,14.46,79.13,H,6.92,15.6,1.26,73/5,148/25,13/50,1460,592,-385,,,,,,,,,,,,,
15-04-2023,sr:competition:8,LaLiga,sr:competitor:2825,sr:competitor:2824,Athletic Bilbao,Real Sociedad San Sebastian,8,8,4,3.8,1700.699829,1733.596191,40.48,18.54,40.99,H,5.39,2.47,2.44,147/100,439/100,36/25,147,439,144,,,,,,,,,,,,,
15-04-2023,sr:competition:8,LaLiga,sr:competitor:2816,sr:competitor:2814,Real Betis Seville,Espanyol Barcelona,5,0,2.8,2,1745.898682,1601.972656,11.91,21,67.08,H,4.76,8.39,1.49,739/100,94/25,49/100,739,376,-204,,,,,,,,,,,,,
15-04-2023,sr:competition:8,LaLiga,sr:competitor:4488,sr:competitor:2829,Cadiz CF,Real Madrid,6,7,4,7.6,1607.789673,1941.05896,85.91,9.94,4.15,A,10.06,1.16,24.09,Apr-25,453/50,2309/100,-625,906,2309,,,,,,,,,,,,,
16-04-2023,sr:competition:8,LaLiga,sr:competitor:24264,sr:competitor:2846,Girona FC,Elche CF,5,4,4.6,4.2,1630.793335,1537.901611,53.46,17.21,29.33,A,5.81,1.87,3.41,87/100,481/100,241/100,-115,481,241,,,,,,,,,,,,,
16-04-2023,sr:competition:8,LaLiga,sr:competitor:2859,sr:competitor:2817,Getafe CF,FC Barcelona,8,13,4.8,4,1640.477783,1892.206421,66.41,20.81,12.78,A,4.81,1.51,7.82,51/100,381/100,341/50,-196,381,682,,,,,,,,,,,,,
16-04-2023,sr:competition:8,LaLiga,sr:competitor:2836,sr:competitor:2858,Atletico Madrid,UD Almeria,15,5,6,3.2,1830.751709,1601.846436,5.92,18.93,75.14,H,5.28,16.88,1.33,397/25,107/25,33/100,1588,428,-303,,,,,,,,,,,,,
16-04-2023,sr:competition:8,LaLiga,sr:competitor:2828,sr:competitor:2833,Valencia CF,Sevilla FC,4,7,2.6,4.2,1633.641724,1716.391235,31.49,32.83,35.67,H,3.05,3.18,2.8,109/50,41/20,09-May,218,205,180,,,,,,,,,,,,,
17-04-2023,sr:competition:8,LaLiga,sr:competitor:2821,sr:competitor:2826,RC Celta de Vigo,RCD Mallorca,9,3,3.6,3.4,1686.023071,1618.567017,19.64,26.93,53.42,H,3.71,5.09,1.87,409/100,271/100,87/100,409,271,-115,,,,,,,,,,,,,
21-04-2023,sr:competition:8,LaLiga,sr:competitor:2814,sr:competitor:4488,Espanyol Barcelona,Cadiz CF,0,5,2.6,3.8,1592.460083,1625.231934,26.09,14.98,58.93,H,6.68,3.83,1.7,283/100,142/25,07-Oct,283,568,-143,,,,,,,,,,,,,
22-04-2023,sr:competition:8,LaLiga,sr:competitor:2820,sr:competitor:2816,CA Osasuna,Real Betis Seville,4,7,2.6,3.6,1642.505371,1734.9823,22.86,26.75,50.39,H,3.74,4.37,1.98,337/100,137/50,49/50,337,274,-102,,,,,,,,,,,,,
22-04-2023,sr:competition:8,LaLiga,sr:competitor:2858,sr:competitor:2825,UD Almeria,Athletic Bilbao,5,10,3.4,4.6,1599.689941,1721.228638,40.04,36.8,23.16,A,2.72,2.5,4.32,03-Feb,43/25,83/25,150,172,332,,,,,,,,,,,,,
22-04-2023,sr:competition:8,LaLiga,sr:competitor:2824,sr:competitor:2818,Real Sociedad San Sebastian,Rayo Vallecano,7,5,3.4,2.8,1732.296021,1635.886719,36.59,15.77,47.65,H,6.34,2.73,2.1,173/100,267/50,11-Oct,173,534,110,,,,,,,,,,,,,
22-04-2023,sr:competition:8,LaLiga,sr:competitor:2831,sr:competitor:24264,Real Valladolid,Girona FC,5,8,3.8,4.4,1609.334961,1636.722656,26.5,58.92,14.58,D,1.7,3.77,6.86,277/100,07-Oct,293/50,277,-143,586,,,,,,,,,,,,,
22-04-2023,sr:competition:8,LaLiga,sr:competitor:2829,sr:competitor:2821,Real Madrid,RC Celta de Vigo,9,9,9,3.6,1939.653931,1686.023071,6.37,2.65,90.98,H,37.69,15.71,1.1,1471/100,3669/100,01-Oct,1471,3669,-1000,,,,,,,,,,,,,
23-04-2023,sr:competition:8,LaLiga,sr:competitor:2846,sr:competitor:2828,Elche CF,Valencia CF,1,4,3.8,3,1542.137085,1632.846069,50.57,9.67,39.77,A,10.35,1.98,2.51,49/50,187/20,151/100,-102,935,151,,,,,,,,,,,,,
23-04-2023,sr:competition:8,LaLiga,sr:competitor:2817,sr:competitor:2836,FC Barcelona,Atletico Madrid,11,15,3.8,5.6,1897.510986,1843.072876,23.79,7.23,68.98,H,13.83,4.2,1.45,16-May,1283/100,Sep-20,320,1283,-222,,,,,,,,,,,,,
23-04-2023,sr:competition:8,LaLiga,sr:competitor:2826,sr:competitor:2859,RCD Mallorca,Getafe CF,6,6,2.6,3.6,1640.481812,1655.503174,21.48,54.38,24.13,D,1.84,4.65,4.14,73/20,21/25,157/50,365,-119,314,,,,,,,,,,,,,
23-04-2023,sr:competition:8,LaLiga,sr:competitor:2833,sr:competitor:2819,Sevilla FC,Villarreal CF,10,10,4.4,6.2,1763.8125,1754.39978,44.12,7.71,48.17,H,12.96,2.27,2.08,127/100,299/25,27/25,127,1196,108,,,,,,,,,,,,,
25-04-2023,sr:competition:8,LaLiga,sr:competitor:4488,sr:competitor:2820,Cadiz CF,CA Osasuna,5,4,3,2.6,1635.396729,1652.67041,38.5,13.07,48.43,H,7.65,2.6,2.06,08-May,133/20,53/50,160,665,106,,,,,,,,,,,,,
25-04-2023,sr:competition:8,LaLiga,sr:competitor:24264,sr:competitor:2829,Girona FC,Real Madrid,8,9,4.4,9,1646.887695,1956.207275,80.28,12.31,7.41,A,8.12,1.25,13.5,01-Apr,178/25,25-Feb,-400,712,1250,,,,,,,,,,,,,
25-04-2023,sr:competition:8,LaLiga,sr:competitor:2816,sr:competitor:2824,Real Betis Seville,Real Sociedad San Sebastian,7,7,3.6,3.4,1745.147705,1742.460938,27,22.85,50.15,H,4.38,3.7,1.99,27-Oct,169/50,99/100,270,338,-101,,,,,,,,,,,,,
26-04-2023,sr:competition:8,LaLiga,sr:competitor:2836,sr:competitor:2826,Atletico Madrid,RCD Mallorca,12,8,5.4,3.4,1837.863037,1650.319336,17.43,30.04,52.52,H,3.33,5.74,1.9,237/50,233/100,09-Oct,474,233,-111,,,,,,,,,,,,,
26-04-2023,sr:competition:8,LaLiga,sr:competitor:2859,sr:competitor:2858,Getafe CF,UD Almeria,5,5,2,3.2,1645.665649,1603.178345,22.12,23.08,54.8,H,4.33,4.52,1.82,88/25,333/100,41/50,352,333,-122,,,,,,,,,,,,,
26-04-2023,sr:competition:8,LaLiga,sr:competitor:2821,sr:competitor:2846,RC Celta de Vigo,Elche CF,5,0,3.8,2.4,1682.070557,1531.508545,9.22,26.47,64.31,H,3.78,10.84,1.55,246/25,139/50,Nov-20,984,278,-182,,,,,,,,,,,,,
26-04-2023,sr:competition:8,LaLiga,sr:competitor:2818,sr:competitor:2817,Rayo Vallecano,FC Barcelona,5,11,2.6,4.2,1641.80896,1902.720825,89.59,4.46,5.95,A,22.41,1.12,16.81,Mar-25,2141/100,1581/100,-833,2141,1581,,,,,,,,,,,,,
27-04-2023,sr:competition:8,LaLiga,sr:competitor:2828,sr:competitor:2831,Valencia CF,Real Valladolid,4,7,2.8,4.6,1643.474609,1626.481812,28.17,18.68,53.15,H,5.35,3.55,1.88,51/20,87/20,22/25,255,435,-114,,,,,,,,,,,,,
27-04-2023,sr:competition:8,LaLiga,sr:competitor:2819,sr:competitor:2814,Villarreal CF,Espanyol Barcelona,9,1,6.6,3.2,1748.256958,1601.61731,9.45,30.13,60.43,H,3.32,10.59,1.65,959/100,58/25,13/20,959,232,-154,,,,,,,,,,,,,
27-04-2023,sr:competition:8,LaLiga,sr:competitor:2825,sr:competitor:2833,Athletic Bilbao,Sevilla FC,13,10,4.4,4,1738.07019,1769.955322,13.07,16.41,70.51,H,6.09,7.65,1.42,133/20,509/100,21/50,665,509,-238,,,,,,,,,,,,,
28-04-2023,sr:competition:8,LaLiga,sr:competitor:2820,sr:competitor:2824,CA Osasuna,Real Sociedad San Sebastian,7,9,3.4,3.2,1661.527222,1746.703735,14.94,15.77,69.29,H,6.34,6.69,1.44,569/100,267/50,Nov-25,569,534,-227,,,,,,,,,,,,,
29-04-2023,sr:competition:8,LaLiga,sr:competitor:2846,sr:competitor:2818,Elche CF,Rayo Vallecano,0,7,2.2,3.6,1528.318359,1654.778931,28.55,13.86,57.59,H,7.22,3.5,1.74,05-Feb,311/50,37/50,250,622,-135,,,,,,,,,,,,,
29-04-2023,sr:competition:8,LaLiga,sr:competitor:2829,sr:competitor:2858,Real Madrid,UD Almeria,9,7,8.6,4.2,1938.822266,1614.260742,3.22,12.87,83.91,H,7.77,31.08,1.19,752/25,677/100,19/100,3008,677,-526,,,,,,,,,,,,,
29-04-2023,sr:competition:8,LaLiga,sr:competitor:2817,sr:competitor:2816,FC Barcelona,Real Betis Seville,8,4,3.8,4.2,1889.75061,1734.64502,17.87,21.19,60.94,H,4.72,5.6,1.64,23-May,93/25,16/25,460,372,-156,,,,,,,,,,,,,
30-04-2023,sr:competition:8,LaLiga,sr:competitor:4488,sr:competitor:2828,Cadiz CF,Valencia CF,4,7,3.2,3.8,1626.940674,1649.340698,47.88,25.55,26.57,A,3.91,2.09,3.76,109/100,291/100,69/25,109,291,276,,,,,,,,,,,,,
30-04-2023,sr:competition:8,LaLiga,sr:competitor:2819,sr:competitor:2821,Villarreal CF,RC Celta de Vigo,9,5,8,5.2,1752.817383,1685.262695,24.37,26.02,49.61,H,3.84,4.1,2.02,31-Oct,71/25,51/50,310,284,102,,,,,,,,,,,,,
30-04-2023,sr:competition:8,LaLiga,sr:competitor:2814,sr:competitor:2859,Espanyol Barcelona,Getafe CF,1,2,3,3,1597.056885,1634.583252,50.84,19.97,29.19,A,5.01,1.97,3.43,97/100,401/100,243/100,-103,401,243,,,,,,,,,,,,,
30-04-2023,sr:competition:8,LaLiga,sr:competitor:2831,sr:competitor:2836,Real Valladolid,Atletico Madrid,7,12,4.6,6,1620.613647,1841.715332,31.22,36.43,32.34,D,2.74,3.2,3.09,11-May,87/50,209/100,220,174,209,,,,,,,,,,,,,
01-05-2023,sr:competition:8,LaLiga,sr:competitor:2826,sr:competitor:2825,RCD Mallorca,Athletic Bilbao,8,10,3.8,3.2,1646.467285,1728.830811,26.76,26.22,47.02,H,3.81,3.74,2.13,137/50,281/100,113/100,274,281,113,,,,,,,,,,,,,
01-05-2023,sr:competition:8,LaLiga,sr:competitor:2833,sr:competitor:24264,Sevilla FC,Girona FC,13,10,3.4,4.8,1779.194702,1659.658447,18.46,21.8,59.74,H,4.59,5.42,1.67,221/50,359/100,67/100,442,359,-149,,,,,,,,,,,,,
02-05-2023,sr:competition:8,LaLiga,sr:competitor:2817,sr:competitor:2820,FC Barcelona,CA Osasuna,8,9,4.6,3.8,1896.021362,1659.562744,10.43,19.89,69.68,H,5.03,9.59,1.44,859/100,403/100,Nov-25,859,403,-227,,,,,,,,,,,,,
02-05-2023,sr:competition:8,LaLiga,sr:competitor:2858,sr:competitor:2846,UD Almeria,Elche CF,6,3,4.4,3.6,1612.565918,1547.57959,28.33,25.12,46.55,H,3.98,3.53,2.15,253/100,149/50,23/20,253,298,115,,,,,,,,,,,,,
02-05-2023,sr:competition:8,LaLiga,sr:competitor:2824,sr:competitor:2829,Real Sociedad San Sebastian,Real Madrid,10,9,3.4,6.4,1759.777222,1940.517212,63.99,16.29,19.72,A,6.14,1.56,5.07,14/25,257/50,407/100,-179,514,407,,,,,,,,,,,,,
03-05-2023,sr:competition:8,LaLiga,sr:competitor:2828,sr:competitor:2819,Valencia CF,Villarreal CF,6,9,3.4,7.8,1642.438599,1759.402344,27.94,43.96,28.1,D,2.27,3.58,3.56,129/50,127/100,64/25,258,127,256,,,,,,,,,,,,,
03-05-2023,sr:competition:8,LaLiga,sr:competitor:2836,sr:competitor:4488,Atletico Madrid,Cadiz CF,12,7,5.8,2.8,1849.476318,1633.842896,6.25,15.08,78.67,H,6.63,16,1.27,15,563/100,27/100,1500,563,-370,,,,,,,,,,,,,
03-05-2023,sr:competition:8,LaLiga,sr:competitor:2859,sr:competitor:2821,Getafe CF,RC Celta de Vigo,1,4,3.4,5.8,1627.312256,1678.677734,31.43,19.79,48.78,H,5.05,3.18,2.05,109/50,81/20,21/20,218,405,105,,,,,,,,,,,,,
04-05-2023,sr:competition:8,LaLiga,sr:competitor:24264,sr:competitor:2826,Girona FC,RCD Mallorca,10,8,4.8,3.8,1659.658447,1646.467285,30.65,21.5,47.85,H,4.65,3.26,2.09,113/50,73/20,109/100,226,365,109,,,,,,,,,,,,,
04-05-2023,sr:competition:8,LaLiga,sr:competitor:2833,sr:competitor:2814,Sevilla FC,Espanyol Barcelona,13,4,3.4,4.2,1779.194702,1604.327881,12.66,11.35,75.99,H,8.81,7.9,1.32,69/10,781/100,Aug-25,690,781,-312,,,,,,,,,,,,,
04-05-2023,sr:competition:8,LaLiga,sr:competitor:2825,sr:competitor:2816,Athletic Bilbao,Real Betis Seville,10,4,3.2,4,1728.830811,1728.374268,15.95,28.02,56.03,H,3.57,6.27,1.78,527/100,257/100,39/50,527,257,-128,,,,,,,,,,,,,
04-05-2023,sr:competition:8,LaLiga,sr:competitor:2818,sr:competitor:2831,Rayo Vallecano,Real Valladolid,6,7,3.6,5.4,1635.517822,1612.852661,35.75,11.61,52.64,H,8.62,2.8,1.9,09-May,381/50,09-Oct,180,762,-111,,,,,,,,,,,,,
12-05-2023,sr:competition:8,LaLiga,sr:competitor:2826,sr:competitor:4488,RCD Mallorca,Cadiz CF,7,4,3.2,2.2,1641.17981,1629.157959,38.66,19.32,42.02,H,5.18,2.59,2.38,159/100,209/50,69/50,159,418,138,,,,,,,,,,,,,
13-05-2023,sr:competition:8,LaLiga,sr:competitor:2824,sr:competitor:24264,Real Sociedad San Sebastian,Girona FC,10,12,3.2,5,1775.202515,1683.178467,19.53,15.32,65.15,H,6.53,5.12,1.53,103/25,553/100,53/100,412,553,-189,,,,,,,,,,,,,
13-05-2023,sr:competition:8,LaLiga,sr:competitor:2820,sr:competitor:2858,CA Osasuna,UD Almeria,6,6,3,4.8,1657.380127,1617.111206,28.6,17.87,53.53,H,5.59,3.5,1.87,05-Feb,459/100,87/100,250,459,-115,,,,,,,,,,,,,
13-05-2023,sr:competition:8,LaLiga,sr:competitor:2819,sr:competitor:2825,Villarreal CF,Athletic Bilbao,7,7,7.2,4,1758.046997,1718.382568,17.2,37.34,45.46,H,2.68,5.81,2.2,481/100,42/25,06-May,481,168,120,,,,,,,,,,,,,
13-05-2023,sr:competition:8,LaLiga,sr:competitor:2829,sr:competitor:2859,Real Madrid,Getafe CF,9,4,6.6,3.4,1924.427368,1634.734009,9.12,14.24,76.64,H,7.02,10.96,1.3,249/25,301/50,03-Oct,996,602,-333,,,,,,,,,,,,,
14-05-2023,sr:competition:8,LaLiga,sr:competitor:2821,sr:competitor:2828,RC Celta de Vigo,Valencia CF,3,7,5.2,3.2,1671.005371,1643.541504,25.27,30.54,44.19,H,3.27,3.96,2.26,74/25,227/100,63/50,296,227,126,,,,,,,,,,,,,
14-05-2023,sr:competition:8,LaLiga,sr:competitor:2846,sr:competitor:2836,Elche CF,Atletico Madrid,3,12,3.6,6.8,1542.763916,1853.904663,68.06,7.27,24.67,A,13.75,1.47,4.05,47/100,51/4,61/20,-213,1275,305,,,,,,,,,,,,,
14-05-2023,sr:competition:8,LaLiga,sr:competitor:2831,sr:competitor:2833,Real Valladolid,Sevilla FC,6,12,5,3.4,1607.163452,1763.83728,71.92,8.91,19.17,A,11.22,1.39,5.22,39/100,511/50,211/50,-256,1022,422,,,,,,,,,,,,,
14-05-2023,sr:competition:8,LaLiga,sr:competitor:2814,sr:competitor:2817,Espanyol Barcelona,FC Barcelona,4,10,4.6,5.4,1601.208252,1897.947754,52.78,23.47,23.75,A,4.26,1.89,4.21,89/100,163/50,321/100,-112,326,321,,,,,,,,,,,,,
15-05-2023,sr:competition:8,LaLiga,sr:competitor:2816,sr:competitor:2818,Real Betis Seville,Rayo Vallecano,7,9,3.8,4.2,1739.088623,1641.756836,17.36,19.82,62.83,H,5.05,5.76,1.59,119/25,81/20,59/100,476,405,-169,,,,,,,,,,,,,
19-05-2023,sr:competition:8,LaLiga,sr:competitor:4488,sr:competitor:2831,Cadiz CF,Real Valladolid,4,3,2.2,4.4,1624.02417,1597.696167,28.15,14.84,57.01,H,6.74,3.55,1.75,51/20,287/50,03-Apr,255,574,-133,,,,,,,,,,,,,
20-05-2023,sr:competition:8,LaLiga,sr:competitor:24264,sr:competitor:2819,Girona FC,Villarreal CF,10,10,4.8,7.2,1688.447754,1769.430542,44.68,10.98,44.34,A,9.11,2.24,2.26,31/25,811/100,63/50,124,811,126,,,,,,,,,,,,,
20-05-2023,sr:competition:8,LaLiga,sr:competitor:2825,sr:competitor:2821,Athletic Bilbao,RC Celta de Vigo,4,3,3.8,5.4,1708.588989,1660.886719,43.09,13.22,43.7,H,7.57,2.32,2.29,33/25,657/100,129/100,132,657,129,,,,,,,,,,,,,
20-05-2023,sr:competition:8,LaLiga,sr:competitor:2858,sr:competitor:2826,UD Almeria,RCD Mallorca,6,7,5.4,3.4,1610.452148,1647.904175,28.34,31.2,40.45,H,3.2,3.53,2.47,253/100,11-May,147/100,253,220,147,,,,,,,,,,,,,
20-05-2023,sr:competition:8,LaLiga,sr:competitor:2859,sr:competitor:2846,Getafe CF,Elche CF,3,6,3.6,3.6,1634.03418,1557.447388,26.53,36.42,37.05,H,2.75,3.77,2.7,277/100,07-Apr,17-Oct,277,175,170,,,,,,,,,,,,,
20-05-2023,sr:competition:8,LaLiga,sr:competitor:2817,sr:competitor:2824,FC Barcelona,Real Sociedad San Sebastian,12,11,5.8,4,1903.229248,1771.52417,15.02,8.12,76.85,H,12.31,6.66,1.3,283/50,1131/100,03-Oct,566,1131,-333,,,,,,,,,,,,,
21-05-2023,sr:competition:8,LaLiga,sr:competitor:2818,sr:competitor:2814,Rayo Vallecano,Espanyol Barcelona,6,4,4.4,5,1636.119141,1597.516968,37.1,13.98,48.92,H,7.15,2.7,2.04,17-Oct,123/20,26/25,170,615,104,,,,,,,,,,,,,
21-05-2023,sr:competition:8,LaLiga,sr:competitor:2836,sr:competitor:2820,Atletico Madrid,CA Osasuna,9,9,6.2,4,1840.811523,1665.62915,3.96,23.5,72.54,H,4.25,25.25,1.38,97/4,13-Apr,19/50,2425,325,-263,,,,,,,,,,,,,
21-05-2023,sr:competition:8,LaLiga,sr:competitor:2828,sr:competitor:2829,Valencia CF,Real Madrid,10,9,3.4,5.2,1655.25061,1926.717529,80.34,9.06,10.6,A,11.04,1.24,9.43,Jun-25,251/25,843/100,-417,1004,843,,,,,,,,,,,,,
21-05-2023,sr:competition:8,LaLiga,sr:competitor:2833,sr:competitor:2816,Sevilla FC,Real Betis Seville,12,7,4.4,3,1777.43689,1744.726196,16.49,8.84,74.67,H,11.31,6.07,1.34,507/100,1031/100,17/50,507,1031,-294,,,,,,,,,,,,,
23-05-2023,sr:competition:8,LaLiga,sr:competitor:2821,sr:competitor:24264,RC Celta de Vigo,Girona FC,3,10,5.6,4.2,1656.430786,1681.135864,38.37,15.76,45.87,H,6.34,2.61,2.18,161/100,267/50,59/50,161,534,118,,,,,,,,,,,,,
23-05-2023,sr:competition:8,LaLiga,sr:competitor:2824,sr:competitor:2858,Real Sociedad San Sebastian,UD Almeria,11,9,5,5.2,1785.443359,1623.235718,15.7,10.89,73.41,H,9.18,6.37,1.36,537/100,409/50,Sep-25,537,818,-278,,,,,,,,,,,,,
23-05-2023,sr:competition:8,LaLiga,sr:competitor:2831,sr:competitor:2817,Real Valladolid,FC Barcelona,0,9,3.8,5.8,1590.574707,1890.5625,66.96,24.96,8.08,A,4.01,1.49,12.38,49/100,301/100,569/50,-204,301,1138,,,,,,,,,,,,,
24-05-2023,sr:competition:8,LaLiga,sr:competitor:2846,sr:competitor:2833,Elche CF,Sevilla FC,7,10,3.8,4.4,1562.252319,1785.290405,27.03,37.4,35.56,D,2.67,3.7,2.81,27-Oct,167/100,181/100,270,167,181,,,,,,,,,,,,,
24-05-2023,sr:competition:8,LaLiga,sr:competitor:2819,sr:competitor:4488,Villarreal CF,Cadiz CF,13,6,7.2,3,1777.994995,1632.398804,4.59,22.26,73.16,H,4.49,21.81,1.37,2081/100,349/100,37/100,2081,349,-270,,,,,,,,,,,,,
24-05-2023,sr:competition:8,LaLiga,sr:competitor:2829,sr:competitor:2818,Real Madrid,Rayo Vallecano,6,6,5.2,5,1906.056763,1625.785645,5.15,5.04,89.81,H,19.83,19.42,1.11,921/50,1883/100,11/100,1842,1883,-909,,,,,,,,,,,,,
24-05-2023,sr:competition:8,LaLiga,sr:competitor:2816,sr:competitor:2859,Real Betis Seville,Getafe CF,8,4,2,4.6,1748.63269,1630.481812,8.51,9.14,82.35,H,10.94,11.75,1.21,43/4,497/50,21/100,1075,994,-476,,,,,,,,,,,,,
24-05-2023,sr:competition:8,LaLiga,sr:competitor:2814,sr:competitor:2836,Espanyol Barcelona,Atletico Madrid,6,12,5.2,6.4,1609.116089,1846.281982,51.99,30.83,17.18,A,3.24,1.92,5.82,23/25,56/25,241/50,-109,224,482,,,,,,,,,,,,,
25-05-2023,sr:competition:8,LaLiga,sr:competitor:2826,sr:competitor:2828,RCD Mallorca,Valencia CF,4,10,3.2,4,1636.373047,1668.669434,43.85,18.38,37.77,A,5.44,2.28,2.65,32/25,111/25,33/20,128,444,165,,,,,,,,,,,,,
25-05-2023,sr:competition:8,LaLiga,sr:competitor:2820,sr:competitor:2825,CA Osasuna,Athletic Bilbao,6,4,3.6,3.8,1661.411133,1714.293457,44.68,24.47,30.85,A,4.09,2.24,3.24,31/25,309/100,56/25,124,309,224,,,,,,,,,,,,,
14-04-2023,sr:competition:23,Serie A,sr:competitor:2761,sr:competitor:2705,US Cremonese,Empoli FC,4,4,3.6,3.2,1490.290161,1600.120117,50.9,11.98,37.12,A,8.35,1.96,2.69,24/25,147/20,169/100,-104,735,169,,,,,,,,,,,,,
14-04-2023,sr:competition:23,Serie A,sr:competitor:2735,sr:competitor:2699,Spezia Calcio,Lazio Rome,6,13,2.6,4,1559.738403,1765.999268,72.23,16.73,11.04,A,5.98,1.38,9.06,19/50,249/50,403/50,-263,498,806,,,,,,,,,,,,,
15-04-2023,sr:competition:23,Serie A,sr:competitor:2685,sr:competitor:2692,Bologna FC,AC Milan,8,5,3,6,1667.748901,1833.299927,96.28,2.75,0.97,A,36.31,1.04,103.13,Jan-25,3531/100,10213/100,-2500,3531,10213,,,,,,,,,,,,,
15-04-2023,sr:competition:23,Serie A,sr:competitor:2714,sr:competitor:2701,SSC Napoli,Hellas Verona,9,5,4.4,3.4,1933.44104,1580.102417,5.69,41.55,52.75,H,2.41,17.57,1.9,1657/100,141/100,09-Oct,1657,141,-111,,,,,,,,,,,,,
15-04-2023,sr:competition:23,Serie A,sr:competitor:2697,sr:competitor:2729,Inter Milano,AC Monza,4,6,5.6,4,1831.059692,1594.66626,30.38,15.01,54.62,H,6.66,3.29,1.83,229/100,283/50,83/100,229,566,-120,,,,,,,,,,,,,
16-04-2023,sr:competition:23,Serie A,sr:competitor:2689,sr:competitor:2711,US Lecce,Sampdoria Genoa,0,4,1.6,4.6,1572.647949,1532.255371,20.69,69.15,10.15,D,1.45,4.83,9.85,383/100,Sep-20,177/20,383,-222,885,,,,,,,,,,,,,
16-04-2023,sr:competition:23,Serie A,sr:competitor:2696,sr:competitor:2710,Torino FC,US Salernitana,7,5,2,3,1666.147339,1570.678467,23.42,42.04,34.54,D,2.38,4.27,2.9,327/100,69/50,19-Oct,327,138,190,,,,,,,,,,,,,
16-04-2023,sr:competition:23,Serie A,sr:competitor:2793,sr:competitor:2687,Sassuolo Calcio,Juventus Turin,10,9,6,3.4,1681.837036,1830.986816,56.37,32.7,10.93,A,3.06,1.77,9.14,77/100,103/50,407/50,-130,206,814,,,,,,,,,,,,,
16-04-2023,sr:competition:23,Serie A,sr:competitor:2702,sr:competitor:2695,AS Roma,Udinese Calcio,9,8,4.6,4,1793.969482,1679.478638,43.62,21.1,35.28,A,4.74,2.29,2.83,129/100,187/50,183/100,129,374,183,,,,,,,,,,,,,
17-04-2023,sr:competition:23,Serie A,sr:competitor:2693,sr:competitor:2686,ACF Fiorentina,Atalanta BC,13,7,4,4.6,1734.663574,1746.752197,40.77,36.96,22.26,A,2.71,2.45,4.49,29/20,171/100,349/100,145,171,349,,,,,,,,,,,,,
21-04-2023,sr:competition:23,Serie A,sr:competitor:2701,sr:competitor:2685,Hellas Verona,Bologna FC,5,9,3.2,3.2,1602.976563,1692.162964,22.02,32.44,45.54,H,3.08,4.54,2.2,177/50,52/25,06-May,354,208,120,,,,,,,,,,,,,
22-04-2023,sr:competition:23,Serie A,sr:competitor:2710,sr:competitor:2793,US Salernitana,Sassuolo Calcio,5,10,2.6,5.6,1574.340698,1692.769775,70.18,20.71,9.1,A,4.83,1.42,10.98,21/50,383/100,499/50,-238,383,998,,,,,,,,,,,,,
22-04-2023,sr:competition:23,Serie A,sr:competitor:2699,sr:competitor:2696,Lazio Rome,Torino FC,13,5,4.6,2.4,1786.97998,1662.485229,5.94,30.65,63.41,H,3.26,16.84,1.58,396/25,113/50,29/50,1584,226,-172,,,,,,,,,,,,,
22-04-2023,sr:competition:23,Serie A,sr:competitor:2711,sr:competitor:2735,Sampdoria Genoa,Spezia Calcio,4,5,4.4,2.4,1534.473145,1563.444336,12.86,46.98,40.15,D,2.13,7.77,2.49,677/100,113/100,149/100,677,113,149,,,,,,,,,,,,,
23-04-2023,sr:competition:23,Serie A,sr:competitor:2705,sr:competitor:2697,Empoli FC,Inter Milano,4,1,3.2,5.6,1609.92041,1838.032715,87.8,8.35,3.85,A,11.97,1.14,25.98,Jul-50,1097/100,1249/50,-714,1097,2498,,,,,,,,,,,,,
23-04-2023,sr:competition:23,Serie A,sr:competitor:2729,sr:competitor:2693,AC Monza,ACF Fiorentina,6,11,3.8,4,1625.804932,1741.596436,37.29,36.36,26.36,A,2.75,2.68,3.79,42/25,07-Apr,279/100,168,175,279,,,,,,,,,,,,,
23-04-2023,sr:competition:23,Serie A,sr:competitor:2695,sr:competitor:2761,Udinese Calcio,US Cremonese,7,7,4,3.8,1679.676147,1523.678345,32.26,29.99,37.75,H,3.33,3.1,2.65,21-Oct,233/100,33/20,210,233,165,,,,,,,,,,,,,
23-04-2023,sr:competition:23,Serie A,sr:competitor:2692,sr:competitor:2689,AC Milan,US Lecce,6,1,5.6,3,1851.133911,1578.275146,13.82,20.62,65.56,H,4.85,7.23,1.53,623/100,77/20,53/100,623,385,-189,,,,,,,,,,,,,
23-04-2023,sr:competition:23,Serie A,sr:competitor:2687,sr:competitor:2714,Juventus Turin,SSC Napoli,9,10,3.2,3.6,1832.33667,1926.022339,54.65,34.71,10.64,A,2.88,1.83,9.4,83/100,47/25,42/5,-120,188,840,,,,,,,,,,,,,
24-04-2023,sr:competition:23,Serie A,sr:competitor:2686,sr:competitor:2702,Atalanta BC,AS Roma,7,9,3.6,5.4,1755.387939,1826.991211,75.88,10.44,13.68,A,9.58,1.32,7.31,Aug-25,429/50,631/100,-312,858,631,,,,,,,,,,,,,
28-04-2023,sr:competition:23,Serie A,sr:competitor:2689,sr:competitor:2695,US Lecce,Udinese Calcio,1,7,4,4.6,1575.42334,1685.901855,40.78,19.68,39.54,A,5.08,2.45,2.53,29/20,102/25,153/100,145,408,153,,,,,,,,,,,,,
28-04-2023,sr:competition:23,Serie A,sr:competitor:2735,sr:competitor:2729,Spezia Calcio,AC Monza,3,8,3.4,3.8,1571.59314,1635.837646,16.62,37.02,46.37,H,2.7,6.02,2.16,251/50,17-Oct,29/25,502,170,116,,,,,,,,,,,,,
29-04-2023,sr:competition:23,Serie A,sr:competitor:2714,sr:competitor:2710,SSC Napoli,US Salernitana,10,7,4,3.4,1932.708862,1599.534302,16.62,46.79,36.6,D,2.14,6.02,2.73,251/50,57/50,173/100,502,114,173,,,,,,,,,,,,,
29-04-2023,sr:competition:23,Serie A,sr:competitor:2702,sr:competitor:2692,AS Roma,AC Milan,9,8,4.2,6,1814.277588,1853.985718,77.1,11.72,11.18,A,8.53,1.3,8.94,03-Oct,753/100,397/50,-333,753,794,,,,,,,,,,,,,
29-04-2023,sr:competition:23,Serie A,sr:competitor:2696,sr:competitor:2686,Torino FC,Atalanta BC,5,10,2.6,3.6,1682.689209,1768.101563,66.81,15.55,17.64,A,6.43,1.5,5.67,01-Feb,543/100,467/100,-200,543,467,,,,,,,,,,,,,
30-04-2023,sr:competition:23,Serie A,sr:competitor:2697,sr:competitor:2699,Inter Milano,Lazio Rome,4,12,4.8,5.4,1844.519653,1782.465698,57.24,6.42,36.35,A,15.58,1.75,2.75,03-Apr,729/50,07-Apr,-133,1458,175,,,,,,,,,,,,,
30-04-2023,sr:competition:23,Serie A,sr:competitor:2761,sr:competitor:2701,US Cremonese,Hellas Verona,7,7,3.6,3.6,1517.452759,1620.271362,28.64,43.66,27.69,D,2.29,3.49,3.61,249/100,129/100,261/100,249,129,261,,,,,,,,,,,,,
30-04-2023,sr:competition:23,Serie A,sr:competitor:2793,sr:competitor:2705,Sassuolo Calcio,Empoli FC,7,4,4.4,3,1683.265869,1603.433472,10.57,34.97,54.46,H,2.86,9.46,1.84,423/50,93/50,21/25,846,186,-119,,,,,,,,,,,,,
30-04-2023,sr:competition:23,Serie A,sr:competitor:2693,sr:competitor:2711,ACF Fiorentina,Sampdoria Genoa,8,5,4.2,4,1731.563843,1542.01416,22.74,30.9,46.36,H,3.24,4.4,2.16,17-May,56/25,29/25,340,224,116,,,,,,,,,,,,,
30-04-2023,sr:competition:23,Serie A,sr:competitor:2685,sr:competitor:2687,Bologna FC,Juventus Turin,8,6,4,2.2,1690.557861,1825.650146,30.1,44.86,25.04,D,2.23,3.32,3.99,58/25,123/100,299/100,232,123,299,,,,,,,,,,,,,
03-05-2023,sr:competition:23,Serie A,sr:competitor:2686,sr:competitor:2735,Atalanta BC,Spezia Calcio,10,3,3.4,4,1774.971924,1561.05188,23.71,32.27,44.02,H,3.1,4.22,2.27,161/50,21-Oct,127/100,322,210,127,,,,,,,,,,,,,
03-05-2023,sr:competition:23,Serie A,sr:competitor:2687,sr:competitor:2689,Juventus Turin,US Lecce,4,4,3,3.8,1822.936646,1585.428833,20.16,18.44,61.39,H,5.42,4.96,1.63,99/25,221/50,63/100,396,442,-159,,,,,,,,,,,,,
03-05-2023,sr:competition:23,Serie A,sr:competitor:2710,sr:competitor:2693,US Salernitana,ACF Fiorentina,7,8,3.2,5.8,1607.42688,1738.366821,79.49,10.4,10.11,A,9.62,1.26,9.89,13/50,431/50,889/100,-385,862,889,,,,,,,,,,,,,
03-05-2023,sr:competition:23,Serie A,sr:competitor:2711,sr:competitor:2696,Sampdoria Genoa,Torino FC,2,5,3.6,2.8,1535.211304,1675.81897,52.03,19.21,28.76,A,5.2,1.92,3.48,23/25,21-May,62/25,-109,420,248,,,,,,,,,,,,,
03-05-2023,sr:competition:23,Serie A,sr:competitor:2701,sr:competitor:2697,Hellas Verona,Inter Milano,8,7,3.8,5.4,1618.43811,1852.390259,70.75,14.5,14.76,A,6.9,1.41,6.78,41/100,59/10,289/50,-244,590,578,,,,,,,,,,,,,
03-05-2023,sr:competition:23,Serie A,sr:competitor:2699,sr:competitor:2793,Lazio Rome,Sassuolo Calcio,9,7,5.2,3.8,1774.595215,1688.399048,27.83,31.21,40.96,H,3.2,3.59,2.44,259/100,11-May,36/25,259,220,144,,,,,,,,,,,,,
03-05-2023,sr:competition:23,Serie A,sr:competitor:2692,sr:competitor:2761,AC Milan,US Cremonese,9,7,5.2,4,1853.962769,1519.286255,8.97,10.23,80.8,H,9.78,11.15,1.24,203/20,439/50,Jun-25,1015,878,-417,,,,,,,,,,,,,
03-05-2023,sr:competition:23,Serie A,sr:competitor:2729,sr:competitor:2702,AC Monza,AS Roma,10,10,3.4,4.4,1646.378906,1814.300781,72.66,25.17,2.17,A,3.97,1.38,46.07,19/50,297/100,4507/100,-263,297,4507,,,,,,,,,,,,,
04-05-2023,sr:competition:23,Serie A,sr:competitor:2705,sr:competitor:2685,Empoli FC,Bologna FC,4,8,2.8,5.2,1598.300537,1693.271484,54.7,30.58,14.72,A,3.27,1.83,6.79,83/100,227/100,579/100,-120,227,579,,,,,,,,,,,,,
04-05-2023,sr:competition:23,Serie A,sr:competitor:2695,sr:competitor:2714,Udinese Calcio,SSC Napoli,4,8,4.2,4.2,1675.896362,1924.816406,76.91,6.2,16.89,A,16.12,1.3,5.92,03-Oct,378/25,123/25,-333,1512,492,,,,,,,,,,,,,
06-05-2023,sr:competition:23,Serie A,sr:competitor:2692,sr:competitor:2699,AC Milan,Lazio Rome,7,9,4.2,5.4,1846.012695,1781.499878,61.29,6.78,31.93,A,14.76,1.63,3.13,63/100,344/25,213/100,-159,1376,213,,,,,,,,,,,,,
06-05-2023,sr:competition:23,Serie A,sr:competitor:2702,sr:competitor:2697,AS Roma,Inter Milano,8,10,4,6.8,1810.834106,1861.43396,86.81,9.75,3.44,A,10.26,1.15,29.06,Mar-20,463/50,1403/50,-667,926,2806,,,,,,,,,,,,,
06-05-2023,sr:competition:23,Serie A,sr:competitor:2761,sr:competitor:2735,US Cremonese,Spezia Calcio,8,2,4,4.2,1527.23645,1558.428223,26.43,51.61,21.97,D,1.94,3.78,4.55,139/50,47/50,71/20,278,-106,355,,,,,,,,,,,,,
07-05-2023,sr:competition:23,Serie A,sr:competitor:2686,sr:competitor:2687,Atalanta BC,Juventus Turin,10,4,4.2,3.6,1777.595825,1825.340942,52.82,33.63,13.55,A,2.97,1.89,7.38,89/100,197/100,319/50,-112,197,638,,,,,,,,,,,,,
07-05-2023,sr:competition:23,Serie A,sr:competitor:2696,sr:competitor:2729,Torino FC,AC Monza,7,11,3.2,3.6,1683.807617,1649.845947,52.38,13.99,33.63,A,7.15,1.91,2.97,91/100,123/20,197/100,-110,615,197,,,,,,,,,,,,,
07-05-2023,sr:competition:23,Serie A,sr:competitor:2714,sr:competitor:2693,SSC Napoli,ACF Fiorentina,8,6,4.2,6.2,1924.816528,1735.86853,19.96,50.36,29.69,D,1.99,5.01,3.37,401/100,99/100,237/100,401,-101,237,,,,,,,,,,,,,
07-05-2023,sr:competition:23,Serie A,sr:competitor:2689,sr:competitor:2701,US Lecce,Hellas Verona,4,8,4.8,4,1583.024536,1609.394409,25.72,22.46,51.82,H,4.45,3.89,1.93,289/100,69/20,93/100,289,345,-108,,,,,,,,,,,,,
08-05-2023,sr:competition:23,Serie A,sr:competitor:2705,sr:competitor:2710,Empoli FC,US Salernitana,4,7,2.2,2,1611.753906,1609.925415,23.71,50.79,25.5,D,1.97,4.22,3.92,161/50,97/100,73/25,322,-103,292,,,,,,,,,,,,,
08-05-2023,sr:competition:23,Serie A,sr:competitor:2695,sr:competitor:2711,Udinese Calcio,Sampdoria Genoa,5,2,4,2.6,1681.246948,1527.22168,9.94,55.31,34.75,D,1.81,10.06,2.88,453/50,81/100,47/25,906,-123,188,,,,,,,,,,,,,
08-05-2023,sr:competition:23,Serie A,sr:competitor:2793,sr:competitor:2685,Sassuolo Calcio,Bologna FC,6,5,3.2,5.2,1681.496704,1679.814819,42.34,27.31,30.36,A,3.66,2.36,3.29,34/25,133/50,229/100,136,266,229,,,,,,,,,,,,,
12-05-2023,sr:competition:23,Serie A,sr:competitor:2699,sr:competitor:2689,Lazio Rome,US Lecce,6,4,4.4,5,1773.800415,1574.33606,8.2,53.21,38.59,D,1.88,12.2,2.59,56/5,22/25,159/100,1120,-114,159,,,,,,,,,,,,,
13-05-2023,sr:competition:23,Serie A,sr:competitor:2710,sr:competitor:2686,US Salernitana,Atalanta BC,6,10,3.2,2.8,1603.000244,1766.295532,34.33,37.34,28.33,D,2.68,2.91,3.53,191/100,42/25,253/100,191,168,253,,,,,,,,,,,,,
13-05-2023,sr:competition:23,Serie A,sr:competitor:2735,sr:competitor:2692,Spezia Calcio,AC Milan,1,9,5.2,3.6,1547.289063,1853.710327,66.03,22.27,11.71,A,4.49,1.51,8.54,51/100,349/100,377/50,-196,349,754,,,,,,,,,,,,,
13-05-2023,sr:competition:23,Serie A,sr:competitor:2697,sr:competitor:2793,Inter Milano,Sassuolo Calcio,12,7,5.8,2.8,1872.65271,1680.223755,12.62,11.75,75.64,H,8.51,7.93,1.32,693/100,751/100,Aug-25,693,751,-312,,,,,,,,,,,,,
14-05-2023,sr:competition:23,Serie A,sr:competitor:2701,sr:competitor:2696,Hellas Verona,Torino FC,8,8,3.6,4.4,1618.077148,1681.605347,27.35,29.49,43.16,H,3.39,3.66,2.32,133/50,239/100,33/25,266,239,132,,,,,,,,,,,,,
14-05-2023,sr:competition:23,Serie A,sr:competitor:2693,sr:competitor:2695,ACF Fiorentina,Udinese Calcio,5,7,6,4.4,1732.855225,1686.28894,26.72,21.56,51.72,H,4.64,3.74,1.93,137/50,91/25,93/100,274,364,-108,,,,,,,,,,,,,
14-05-2023,sr:competition:23,Serie A,sr:competitor:2729,sr:competitor:2714,AC Monza,SSC Napoli,11,9,4,3.8,1652.043945,1922.488037,56.26,35.23,8.51,A,2.84,1.78,11.76,39/50,46/25,269/25,-128,184,1076,,,,,,,,,,,,,
14-05-2023,sr:competition:23,Serie A,sr:competitor:2685,sr:competitor:2702,Bologna FC,AS Roma,3,5,4.6,4.4,1681.087646,1799.618774,39.86,26.89,33.25,A,3.72,2.51,3.01,151/100,68/25,201/100,151,272,201,,,,,,,,,,,,,
14-05-2023,sr:competition:23,Serie A,sr:competitor:2687,sr:competitor:2761,Juventus Turin,US Cremonese,7,8,4.4,4,1836.644775,1538.374512,44.09,16.85,39.07,A,5.94,2.27,2.56,127/100,247/50,39/25,127,494,156,,,,,,,,,,,,,
15-05-2023,sr:competition:23,Serie A,sr:competitor:2711,sr:competitor:2705,Sampdoria Genoa,Empoli FC,2,6,2,2.8,1519.612549,1616.112305,43.06,46.39,10.55,D,2.16,2.32,9.48,33/25,29/25,212/25,132,116,848,,,,,,,,,,,,,
19-05-2023,sr:competition:23,Serie A,sr:competitor:2793,sr:competitor:2729,Sassuolo Calcio,AC Monza,4,11,3,4.2,1673.7854,1668.749512,45.78,9.03,45.19,A,11.07,2.18,2.21,59/50,1007/100,121/100,118,1007,121,,,,,,,,,,,,,
20-05-2023,sr:competition:23,Serie A,sr:competitor:2761,sr:competitor:2685,US Cremonese,Bologna FC,5,3,3.2,4.8,1533.421021,1680.636475,61.51,19.55,18.93,A,5.11,1.63,5.28,63/100,411/100,107/25,-159,411,428,,,,,,,,,,,,,
20-05-2023,sr:competition:23,Serie A,sr:competitor:2686,sr:competitor:2701,Atalanta BC,Hellas Verona,9,7,3.8,4,1752.635132,1607.710693,18.27,21.62,60.1,H,4.62,5.47,1.66,447/100,181/50,33/50,447,362,-152,,,,,,,,,,,,,
20-05-2023,sr:competition:23,Serie A,sr:competitor:2692,sr:competitor:2711,AC Milan,Sampdoria Genoa,8,2,3.2,2.2,1820.419678,1520.956421,6.17,18.54,75.29,H,5.4,16.2,1.33,76/5,22-May,33/100,1520,440,-303,,,,,,,,,,,,,
21-05-2023,sr:competition:23,Serie A,sr:competitor:2689,sr:competitor:2735,US Lecce,Spezia Calcio,4,4,3.8,5.6,1577.809814,1564.700806,20.6,32.78,46.62,H,3.05,4.86,2.14,193/50,41/20,57/50,386,205,114,,,,,,,,,,,,,
21-05-2023,sr:competition:23,Serie A,sr:competitor:2696,sr:competitor:2693,Torino FC,ACF Fiorentina,10,7,4.6,5,1686.837524,1729.273682,23.54,45.74,30.72,D,2.19,4.25,3.26,13-Apr,119/100,113/50,325,119,226,,,,,,,,,,,,,
21-05-2023,sr:competition:23,Serie A,sr:competitor:2714,sr:competitor:2697,SSC Napoli,Inter Milano,8,15,5.2,5.4,1900.648438,1884.701172,31.47,39.55,28.99,D,2.53,3.18,3.45,109/50,153/100,49/20,218,153,245,,,,,,,,,,,,,
21-05-2023,sr:competition:23,Serie A,sr:competitor:2695,sr:competitor:2699,Udinese Calcio,Lazio Rome,7,4,4.4,4.4,1675.43396,1765.192139,27.58,35.09,37.33,H,2.85,3.63,2.68,263/100,37/20,42/25,263,185,168,,,,,,,,,,,,,
22-05-2023,sr:competition:23,Serie A,sr:competitor:2702,sr:competitor:2710,AS Roma,US Salernitana,3,8,3.8,3.8,1798.756226,1611.526123,53.37,14.28,32.35,A,7,1.87,3.09,87/100,6,209/100,-115,600,209,,,,,,,,,,,,,
22-05-2023,sr:competition:23,Serie A,sr:competitor:2705,sr:competitor:2687,Empoli FC,Juventus Turin,7,10,3.2,4.8,1614.768188,1833.921143,83.01,14.85,2.14,A,6.73,1.2,46.65,01-May,573/100,913/20,-500,573,4565,,,,,,,,,,,,,
26-05-2023,sr:competition:23,Serie A,sr:competitor:2711,sr:competitor:2793,Sampdoria Genoa,Sassuolo Calcio,1,4,2.4,3.4,1520.075562,1666.869507,41.97,44.45,13.58,D,2.25,2.38,7.36,69/50,05-Apr,159/25,138,125,636,,,,,,,,,,,,,
